S.No.,NepaliDescription,EnglishDescription,Description,Category,Rate (Rs. per 1000),,,,,,,,,,,,,,,,,,,,,,,,
1,एक करोड सम्मको सम्पत्तिको लागि रू. ०.५० पैसा प्रति हजार,For property up to Rs. 1 crore: Rs. 0.50 per thousand,For property up to Rs. 1 crore: Rs. 0.50 per thousand एक करोड सम्मको सम्पत्तिको लागि रू. ०.५० पैसा प्रति हजार,सामान्य जोखिम समह,0.5,,,,,,,,,,,,,,,,,,,,,,,,
2,इँटा तथा इँटा बिाउिे नचम्िी (काँचो इँटा बाहेक सबै प्रकािको इँटा),Brick (except Mud/Raw Brick),Brick (except Mud/Raw Brick) इँटा तथा इँटा बिाउिे नचम्िी (काँचो इँटा बाहेक सबै प्रकािको इँटा),सामान्य जोखिम समह,1.5,,,,,,,,,,,,,,,,,,,,,,,,
3,खािीबाट ढङर्ा निकाल्िे काम,Stone Quarries,Stone Quarries खािीबाट ढङर्ा निकाल्िे काम,सामान्य जोखिम समह,1.5,,,,,,,,,,,,,,,,,,,,,,,,
4,ग्रेिार्ट,Granite,Granite ग्रेिार्ट,सामान्य जोखिम समह,1.5,,,,,,,,,,,,,,,,,,,,,,,,
5,ढङर्ा कटि काम,Stone Crushing,Stone Crushing ढङर्ा कटि काम,सामान्य जोखिम समह,1.5,,,,,,,,,,,,,,,,,,,,,,,,
6,ढङर्ाको मनतकला,Stone Art,Stone Art ढङर्ाको मनतकला,सामान्य जोखिम समह,1.5,,,,,,,,,,,,,,,,,,,,,,,,
7,ढङर्ाको सामग्री,Stone ware,Stone ware ढङर्ाको सामग्री,सामान्य जोखिम समह,1.5,,,,,,,,,,,,,,,,,,,,,,,,
8,पोखिी,Pond/Pool,Pond/Pool पोखिी,सामान्य जोखिम समह,1.5,,,,,,,,,,,,,,,,,,,,,,,,
9,बालवा (नदपोमा िानखएको बालबा मात्र),Sand (only riverbed sand),Sand (only riverbed sand) बालवा (नदपोमा िानखएको बालबा मात्र),सामान्य जोखिम समह,1.5,,,,,,,,,,,,,,,,,,,,,,,,
10,माटो (पािी र्जन्य क्षनतको जोखिम बाहेक),Soil (except for water retention areas),Soil (except for water retention areas) माटो (पािी र्जन्य क्षनतको जोखिम बाहेक),सामान्य जोखिम समह,1.5,,,,,,,,,,,,,,,,,,,,,,,,
11,नसँहमिमि,Marble,Marble नसँहमिमि,सामान्य जोखिम समह,1.5,,,,,,,,,,,,,,,,,,,,,,,,
12,होलो निक्स,Hollow Bricks,Hollow Bricks होलो निक्स,सामान्य जोखिम समह,1.5,,,,,,,,,,,,,,,,,,,,,,,,
13,"अचाि,  नततौिा,  र्न्िक,  मस्यौिा,  मािा,  पाउ [घिल]","Condiment,  Sour Candies and Nepali Local Edible Sour and Dry Items [Home Made]","Condiment,  Sour Candies and Nepali Local Edible Sour and Dry Items [Home Made] अचाि,  नततौिा,  र्न्िक,  मस्यौिा,  मािा,  पाउ [घिल]",सामान्य जोखिम,2,,,,,,,,,,,,,,,,,,,,,,,,
14,अनप्टकल फार्वि,Optical Fiber,Optical Fiber अनप्टकल फार्वि,सामान्य जोखिम,2,,,,,,,,,,,,,,,,,,,,,,,,
15,अस्पताल (अस्पताल परिसि नभत्रको औषधी पसल सनहत),Hospital (Including Pharmacy within premise of hospital),Hospital (Including Pharmacy within premise of hospital) अस्पताल (अस्पताल परिसि नभत्रको औषधी पसल सनहत),सामान्य जोखिम,2,,,,,,,,,,,,,,,,,,,,,,,,
16,आर्स,Ice,Ice आर्स,सामान्य जोखिम,2,,,,,,,,,,,,,,,,,,,,,,,,
17,आर्सनक्रम तथा आर्स क्यान्िी,Ice Cream and Ice Candy,Ice Cream and Ice Candy आर्सनक्रम तथा आर्स क्यान्िी,सामान्य जोखिम,2,,,,,,,,,,,,,,,,,,,,,,,,
18,"आकाश पल,  अण्ििपास,  फ्लार्ओभि,  सववे","Overhead Bridge,  Underpass,  Flyover and Subway","Overhead Bridge,  Underpass,  Flyover and Subway आकाश पल,  अण्ििपास,  फ्लार्ओभि,  सववे",सामान्य जोखिम,2,,,,,,,,,,,,,,,,,,,,,,,,
19,र्नन्स्टच्यट,Institute,Institute र्नन्स्टच्यट,सामान्य जोखिम,2,,,,,,,,,,,,,,,,,,,,,,,,
20,"एक्स िे,  नसटी स्क्याि,  एमआिआई","X-Ray,  CT Scan, MRI","X-Ray,  CT Scan, MRI एक्स िे,  नसटी स्क्याि,  एमआिआई",सामान्य जोखिम,2,,,,,,,,,,,,,,,,,,,,,,,,
21,कनक्रटका ब्लक तथा सामाि,Concrete Block and Products,Concrete Block and Products कनक्रटका ब्लक तथा सामाि,सामान्य जोखिम,2,,,,,,,,,,,,,,,,,,,,,,,,
22,कपाल काटि पसल,Barber Shop,Barber Shop कपाल काटि पसल,सामान्य जोखिम,2,,,,,,,,,,,,,,,,,,,,,,,,
23,कचो,Broom,Broom कचो,सामान्य जोखिम,2,,,,,,,,,,,,,,,,,,,,,,,,
24,कनष और्जाि,Agriculture Equipments,Agriculture Equipments कनष और्जाि,सामान्य जोखिम,2,,,,,,,,,,,,,,,,,,,,,,,,
25,केवल काि,Cable Car,Cable Car केवल काि,सामान्य जोखिम,2,,,,,,,,,,,,,,,,,,,,,,,,
26,क्याटरिङ स्थल,Catering Place,Catering Place क्याटरिङ स्थल,सामान्य जोखिम,2,,,,,,,,,,,,,,,,,,,,,,,,
27,क्याफे,Café,Café क्याफे,सामान्य जोखिम,2,,,,,,,,,,,,,,,,,,,,,,,,
28,क्लव,Club,Club क्लव,सामान्य जोखिम,2,,,,,,,,,,,,,,,,,,,,,,,,
29,नक्लनिक (नक्लनिक परिसि नभत्रको औषधी पसल सनहत),Clinic (Including Pharmacy within premise of clinic),Clinic (Including Pharmacy within premise of clinic) नक्लनिक (नक्लनिक परिसि नभत्रको औषधी पसल सनहत),सामान्य जोखिम,2,,,,,,,,,,,,,,,,,,,,,,,,
30,खोि (पशपन्छी बाहक),Shed (Except Bird and Cattle),Shed (Except Bird and Cattle) खोि (पशपन्छी बाहक),सामान्य जोखिम,2,,,,,,,,,,,,,,,,,,,,,,,,
31,र्जोठ (पश बाहेक),Shed (Except Cattle),Shed (Except Cattle) र्जोठ (पश बाहेक),सामान्य जोखिम,2,,,,,,,,,,,,,,,,,,,,,,,,
32,ग्लो सार्ि बोिग,Glow Sign Board,Glow Sign Board ग्लो सार्ि बोिग,सामान्य जोखिम,2,,,,,,,,,,,,,,,,,,,,,,,,
33,घिी,Clock and Watch,Clock and Watch घिी,सामान्य जोखिम,2,,,,,,,,,,,,,,,,,,,,,,,,
34,"चस्मा, चस्माको नशशा तथा चस्माका सामग्री","Glass, Optical Lense and Accessories","Glass, Optical Lense and Accessories चस्मा, चस्माको नशशा तथा चस्माका सामग्री",सामान्य जोखिम,2,,,,,,,,,,,,,,,,,,,,,,,,
35,चि तथा कनष चि,Lime and Agro Lime,Lime and Agro Lime चि तथा कनष चि,सामान्य जोखिम,2,,,,,,,,,,,,,,,,,,,,,,,,
36,"छािा छाउिे टायल, नझँर्टी तथा खपटा","Roofing Tile, Mini Tile and Curved Tile","Roofing Tile, Mini Tile and Curved Tile छािा छाउिे टायल, नझँर्टी तथा खपटा",सामान्य जोखिम,2,,,,,,,,,,,,,,,,,,,,,,,,
37,नर्जपलार्ि,Jipline,Jipline नर्जपलार्ि,सामान्य जोखिम,2,,,,,,,,,,,,,,,,,,,,,,,,
38,र्जवाघि,Casino,Casino र्जवाघि,सामान्य जोखिम,2,,,,,,,,,,,,,,,,,,,,,,,,
39,टिल (कनष प्रयोर्जिको लागि),Tunnel (for Agro Purpose),Tunnel (for Agro Purpose) टिल (कनष प्रयोर्जिको लागि),सामान्य जोखिम,2,,,,,,,,,,,,,,,,,,,,,,,,
40,टायल [नभिा वा भईमा लर्ाउिे],Tile,Tile टायल [नभिा वा भईमा लर्ाउिे],सामान्य जोखिम,2,,,,,,,,,,,,,,,,,,,,,,,,
41,रेि स्टेशि वा रेि टनमगिल,Train Station or Train Terminal,Train Station or Train Terminal रेि स्टेशि वा रेि टनमगिल,सामान्य जोखिम,2,,,,,,,,,,,,,,,,,,,,,,,,
42,र्जायग्िोनष्टक सेन्टि,Diagnostic Center,Diagnostic Center र्जायग्िोनष्टक सेन्टि,सामान्य जोखिम,2,,,,,,,,,,,,,,,,,,,,,,,,
43,निनर्जटल सार्ि बोिग,Digital Sign Board,Digital Sign Board निनर्जटल सार्ि बोिग,सामान्य जोखिम,2,,,,,,,,,,,,,,,,,,,,,,,,
44,निस्को तथा दोहोिी साँझ,Disco and Dohori Sanjh,Disco and Dohori Sanjh निस्को तथा दोहोिी साँझ,सामान्य जोखिम,2,,,,,,,,,,,,,,,,,,,,,,,,
45,ड्रार्नक्लनिङ,Dry Cleaning,Dry Cleaning ड्रार्नक्लनिङ,सामान्य जोखिम,2,,,,,,,,,,,,,,,,,,,,,,,,
46,ड्रेिेर्ज,Drainage,Drainage ड्रेिेर्ज,सामान्य जोखिम,2,,,,,,,,,,,,,,,,,,,,,,,,
47,तवेला (र्जिावि बाहेक),Stables (Excluding Animals),Stables (Excluding Animals) तवेला (र्जिावि बाहेक),सामान्य जोखिम,2,,,,,,,,,,,,,,,,,,,,,,,,
48,"तानलम कक्ष, तानलम र्ह तथा तानलम हल","Training Room, Training House and Training Hall","Training Room, Training House and Training Hall तानलम कक्ष, तानलम र्ह तथा तानलम हल",सामान्य जोखिम,2,,,,,,,,,,,,,,,,,,,,,,,,
49,दलालको कायागलय,Broker Office,Broker Office दलालको कायागलय,सामान्य जोखिम,2,,,,,,,,,,,,,,,,,,,,,,,,
50,धमग काँटा वा र्जोख्िे यन्त्र(उद्योर् पिीसिमा िहेको बाहेक),Weighing Machine and Bridges (outside Industry Premises),Weighing Machine and Bridges (outside Industry Premises) धमग काँटा वा र्जोख्िे यन्त्र(उद्योर् पिीसिमा िहेको बाहेक),सामान्य जोखिम,2,,,,,,,,,,,,,,,,,,,,,,,,
51,िनसगङ होम (िनसगङ होम परिसि नभत्रको औषधी पसल सनहत),Nursing Home (Including Pharmacy within Premise),Nursing Home (Including Pharmacy within Premise) िनसगङ होम (िनसगङ होम परिसि नभत्रको औषधी पसल सनहत),सामान्य जोखिम,2,,,,,,,,,,,,,,,,,,,,,,,,
52,नियोि सार्ि बोिग,Neon Sign Board,Neon Sign Board नियोि सार्ि बोिग,सामान्य जोखिम,2,,,,,,,,,,,,,,,,,,,,,,,,
53,निमागणाधीि भवि,Building under Construction,Building under Construction निमागणाधीि भवि,सामान्य जोखिम,2,,,,,,,,,,,,,,,,,,,,,,,,
54,र्जिाली तथा फोहोि प्रशोधि के न्ि,Effluent/Sewage Treatment Plant,Effluent/Sewage Treatment Plant र्जिाली तथा फोहोि प्रशोधि के न्ि,सामान्य जोखिम,2,,,,,,,,,,,,,,,,,,,,,,,,
55,पम्प हाउस (पेरोल पम्प बाहेक),Pump House (Other than Petrol Pump),Pump House (Other than Petrol Pump) पम्प हाउस (पेरोल पम्प बाहेक),सामान्य जोखिम,2,,,,,,,,,,,,,,,,,,,,,,,,
56,पम्प हाउस [पािी],Pump House [Water],Pump House [Water] पम्प हाउस [पािी],सामान्य जोखिम,2,,,,,,,,,,,,,,,,,,,,,,,,
57,पिामशगदाताको कायागलय,Consultancy office,Consultancy office पिामशगदाताको कायागलय,सामान्य जोखिम,2,,,,,,,,,,,,,,,,,,,,,,,,
58,पखागल (औद्योनर्क क्षेत्रको साँध वा सीमािामा लर्ाएको पखागल मात्र),Boundry Wall (Wall only on the boarder of Industrial Area or Empty land apart from Household),Boundry Wall (Wall only on the boarder of Industrial Area or Empty land apart from Household) पखागल (औद्योनर्क क्षेत्रको साँध वा सीमािामा लर्ाएको पखागल मात्र),सामान्य जोखिम,2,,,,,,,,,,,,,,,,,,,,,,,,
59,पवगतािोहण सामग्री,Mountaineering Goods,Mountaineering Goods पवगतािोहण सामग्री,सामान्य जोखिम,2,,,,,,,,,,,,,,,,,,,,,,,,
60,पनस्मिा,Pashmina,Pashmina पनस्मिा,सामान्य जोखिम,2,,,,,,,,,,,,,,,,,,,,,,,,
61,पाि तथा पाि मसला,Pan and Pan Masala,Pan and Pan Masala पाि तथा पाि मसला,सामान्य जोखिम,2,,,,,,,,,,,,,,,,,,,,,,,,
62,पािी टयाङकी,Water Tank,Water Tank पािी टयाङकी,सामान्य जोखिम,2,,,,,,,,,,,,,,,,,,,,,,,,
63,"पािी प्रशोधि के न्ि,  पार्प लार्ि",Water Processing Plant and Pipe Line,"Water Processing Plant and Pipe Line पािी प्रशोधि के न्ि,  पार्प लार्ि",सामान्य जोखिम,2,,,,,,,,,,,,,,,,,,,,,,,,
64,पािी ि नमििल वाटि (वेभिेर्ज तथा अल्कोहल उप्पादि र्िे उद्योर्बाट उत्पानदत पािी बाहेक),Water and Mineral Water (Except water produced in Beverage and Alchohal Factory),Water and Mineral Water (Except water produced in Beverage and Alchohal Factory) पािी ि नमििल वाटि (वेभिेर्ज तथा अल्कोहल उप्पादि र्िे उद्योर्बाट उत्पानदत पािी बाहेक),सामान्य जोखिम,2,,,,,,,,,,,,,,,,,,,,,,,,
65,पाकग,Park,Park पाकग,सामान्य जोखिम,2,,,,,,,,,,,,,,,,,,,,,,,,
66,पाटी प्यालेस,Party Palace,Party Palace पाटी प्यालेस,सामान्य जोखिम,2,,,,,,,,,,,,,,,,,,,,,,,,
67,पल [कनक्रटको],Bridges [Concrete],Bridges [Concrete] पल [कनक्रटको],सामान्य जोखिम,2,,,,,,,,,,,,,,,,,,,,,,,,
68,पोल्री फामग [पन्छी बाहेक],Poultry Farms [Excluding birds therein],Poultry Farms [Excluding birds therein] पोल्री फामग [पन्छी बाहेक],सामान्य जोखिम,2,,,,,,,,,,,,,,,,,,,,,,,,
69,प्रयोर्शाला तथा नवश्लषणात्मक/र्ण नियन्त्रण प्रयोर्शाला,Laboratory and Analytical/Quality Control Laboratories,Laboratory and Analytical/Quality Control Laboratories प्रयोर्शाला तथा नवश्लषणात्मक/र्ण नियन्त्रण प्रयोर्शाला,सामान्य जोखिम,2,,,,,,,,,,,,,,,,,,,,,,,,
70,फलफल तथा तिकािी,Fruit and Vegetable,Fruit and Vegetable फलफल तथा तिकािी,सामान्य जोखिम,2,,,,,,,,,,,,,,,,,,,,,,,,
71,बिस्पतीको कलमी [बाली बाहेक],Tissue Culture [Excluding Crops],Tissue Culture [Excluding Crops] बिस्पतीको कलमी [बाली बाहेक],सामान्य जोखिम,2,,,,,,,,,,,,,,,,,,,,,,,,
72,बन्र्जी र्जनम्पङ,Bunjy Jumping,Bunjy Jumping बन्र्जी र्जनम्पङ,सामान्य जोखिम,2,,,,,,,,,,,,,,,,,,,,,,,,
73,"बसपाकग,  स्टेशि वा बस टनमगिल",Bus Park Stationor Bus Terminal,"Bus Park Stationor Bus Terminal बसपाकग,  स्टेशि वा बस टनमगिल",सामान्य जोखिम,2,,,,,,,,,,,,,,,,,,,,,,,,
74,बस्िे तथा खािे ठाँउ,"Rest House, Refreshment and Recreation Center","Rest House, Refreshment and Recreation Center बस्िे तथा खािे ठाँउ",सामान्य जोखिम,2,,,,,,,,,,,,,,,,,,,,,,,,
75,"बाँध, नसँचाई आयोर्जिा","Dam, Irrigation Project","Dam, Irrigation Project बाँध, नसँचाई आयोर्जिा",सामान्य जोखिम,2,,,,,,,,,,,,,,,,,,,,,,,,
76,बीमा,Insurance,Insurance बीमा,सामान्य जोखिम,2,,,,,,,,,,,,,,,,,,,,,,,,
77,"बैंक, नविीय सँस्था, सहकािी","Bank, Financial Institution and Cooperatives","Bank, Financial Institution and Cooperatives बैंक, नविीय सँस्था, सहकािी",सामान्य जोखिम,2,,,,,,,,,,,,,,,,,,,,,,,,
78,बोनिङ तथा आवास र्ह,Boarding and Boarding House,Boarding and Boarding House बोनिङ तथा आवास र्ह,सामान्य जोखिम,2,,,,,,,,,,,,,,,,,,,,,,,,
79,ब्यारी चार्जग स्टेसि,Battery Charge Station,Battery Charge Station ब्यारी चार्जग स्टेसि,सामान्य जोखिम,2,,,,,,,,,,,,,,,,,,,,,,,,
80,ब्यटी पालगि,Beauty Parlor,Beauty Parlor ब्यटी पालगि,सामान्य जोखिम,2,,,,,,,,,,,,,,,,,,,,,,,,
81,ब्वार्लि,Uninstale Boiler and Boiler located out of industrial area,Uninstale Boiler and Boiler located out of industrial area ब्वार्लि,सामान्य जोखिम,2,,,,,,,,,,,,,,,,,,,,,,,,
82,भोर्जघि तथा पाटी प्यालेस,Banquet and Party Palace,Banquet and Party Palace भोर्जघि तथा पाटी प्यालेस,सामान्य जोखिम,2,,,,,,,,,,,,,,,,,,,,,,,,
83,मसार्ज सेन्टि,Massage Center,Massage Center मसार्ज सेन्टि,सामान्य जोखिम,2,,,,,,,,,,,,,,,,,,,,,,,,
84,महानवद्यालय,College,College महानवद्यालय,सामान्य जोखिम,2,,,,,,,,,,,,,,,,,,,,,,,,
85,माटो तथा कालोमाटोको सामाि,Pottery and Clay Work,Pottery and Clay Work माटो तथा कालोमाटोको सामाि,सामान्य जोखिम,2,,,,,,,,,,,,,,,,,,,,,,,,
86,मास तथा माछा/मास प्रशोधि,Meat/Fish Shop and Mean/fish Processing,Meat/Fish Shop and Mean/fish Processing मास तथा माछा/मास प्रशोधि,सामान्य जोखिम,2,,,,,,,,,,,,,,,,,,,,,,,,
87,नमठार् तथा िमनकि,Sweet and Namkin,Sweet and Namkin नमठार् तथा िमनकि,सामान्य जोखिम,2,,,,,,,,,,,,,,,,,,,,,,,,
88,मोटेल,Motel,Motel मोटेल,सामान्य जोखिम,2,,,,,,,,,,,,,,,,,,,,,,,,
89,"योर्स्थल,  नर्जमखािा,  ब्यायामशाला",Yoga Center or Gym and Health Club,"Yoga Center or Gym and Health Club योर्स्थल,  नर्जमखािा,  ब्यायामशाला",सामान्य जोखिम,2,,,,,,,,,,,,,,,,,,,,,,,,
90,रुिाक्ष बिनचि बयि हािे बयि तलसी तथा नबया वा दािाको माला,"Rudarachya, Budha Chitta, Bayar, Hadeybayar, Tulsi, Seed Garland","Rudarachya, Budha Chitta, Bayar, Hadeybayar, Tulsi, Seed Garland रुिाक्ष बिनचि बयि हािे बयि तलसी तथा नबया वा दािाको माला",सामान्य जोखिम,2,,,,,,,,,,,,,,,,,,,,,,,,
91,र्जष्टिन्ट,Restaurant,Restaurant र्जष्टिन्ट,सामान्य जोखिम,2,,,,,,,,,,,,,,,,,,,,,,,,
92,र्जोपवे,Ropeway,Ropeway र्जोपवे,सामान्य जोखिम,2,,,,,,,,,,,,,,,,,,,,,,,,
93,लघ उद्यम [१५ लाख रूपैंया भन्दा कम बीमाङक भएको],Micro Enterprises with values at risk not exceeding Rs 15 Lakhs,Micro Enterprises with values at risk not exceeding Rs 15 Lakhs लघ उद्यम [१५ लाख रूपैंया भन्दा कम बीमाङक भएको],सामान्य जोखिम,2,,,,,,,,,,,,,,,,,,,,,,,,
94,लर्ज,Lodge,Lodge लर्ज,सामान्य जोखिम,2,,,,,,,,,,,,,,,,,,,,,,,,
95,नवद्यालय,School,School नवद्यालय,सामान्य जोखिम,2,,,,,,,,,,,,,,,,,,,,,,,,
96,नवद्यत (र्जल नवद्यत मात्र),Hydro electricity only,Hydro electricity only नवद्यत (र्जल नवद्यत मात्र),सामान्य जोखिम,2,,,,,,,,,,,,,,,,,,,,,,,,
97,नवमािस्थल टनमगिल [भवि, क्याफे , क्याफे  नवमािस्थल टनमगिल [भवि, पसल लर्ायत सब किा समावेश र्रिएको],Airport Terminal Buildings [including all facilities like Cafes, Shops etc.],सामान्य जोखिम,2,,,,,,,,,,,,,,,,,,,,,
98,नवको,Lid,Lid नवको,सामान्य जोखिम,2,,,,,,,,,,,,,,,,,,,,,,,,
99,नवश्वनवद्यालय,University,University नवश्वनवद्यालय,सामान्य जोखिम,2,,,,,,,,,,,,,,,,,,,,,,,,
100,शैनक्षक के न्ि, शैनक्षक पिामशगर्ह, शैनक्षक पिामशगर्ह शैनक्षक के न्ि, अध्ययि तथा अिसन्धाि के न्ि,Educational Center, Education Consultancy, Education and Research Center,सामान्य जोखिम,2,,,,,,,,,,,,,,,,,,,,
101,सग्रहालय,Museum,Museum सग्रहालय,सामान्य जोखिम,2,,,,,,,,,,,,,,,,,,,,,,,,
102,सिक, िार्जमार्ग, िार्जमार्ग सिक, सनभगस िोि,Road, Highway and Service Road,सामान्य जोखिम,2,,,,,,,,,,,,,,,,,,,,,
103,सभार्ह,City Hall,City Hall सभार्ह,सामान्य जोखिम,2,,,,,,,,,,,,,,,,,,,,,,,,
104,सवािी साधिको ग्यािेर्ज तथा ममगत,Motor Vehicle Garages with Work of Maintenance,Motor Vehicle Garages with Work of Maintenance सवािी साधिको ग्यािेर्ज तथा ममगत,सामान्य जोखिम,2,,,,,,,,,,,,,,,,,,,,,,,,
105,सवािी साधिको नवक्रीकक्ष, शोरूम (र्ािी तथा यन्त्र उपकिणको) तथा सनभगस कक्ष, शोरूम (र्ािी तथा यन्त्र उपकिणको) तथा सनभगस कक्ष सवािी साधिको नवक्रीकक्ष,Sales,Showroom and ServiceVehicles Center of Vehicle Machinary and Equipemnt,सामान्य जोखिम,2,,,,,,,,,,,,,,,,,,,,,,
106,सवािी साधिको स्पेयि पाटस,Spare Parts of Vehicle,Spare Parts of Vehicle सवािी साधिको स्पेयि पाटस,सामान्य जोखिम,2,,,,,,,,,,,,,,,,,,,,,,,,
107,सार्कल,Bicycle,Bicycle सार्कल,सामान्य जोखिम,2,,,,,,,,,,,,,,,,,,,,,,,,
108,सामनहक भोर्जिालय,Mess,Mess सामनहक भोर्जिालय,सामान्य जोखिम,2,,,,,,,,,,,,,,,,,,,,,,,,
109,सावगर्जनिक भवि,Public Hall,Public Hall सावगर्जनिक भवि,सामान्य जोखिम,2,,,,,,,,,,,,,,,,,,,,,,,,
110,नसमेन्ट,Cement,Cement नसमेन्ट,सामान्य जोखिम,2,,,,,,,,,,,,,,,,,,,,,,,,
111,सि ि चादीको ताि तथा सिको र्जलप,Gold thread and Gilding,Gold thread and Gilding सि ि चादीको ताि तथा सिको र्जलप,सामान्य जोखिम,2,,,,,,,,,,,,,,,,,,,,,,,,
112,सि, चाँनद, चाँनद सि, प्लानटिम,Gold, Silver, Platinum,सामान्य जोखिम,2,,,,,,,,,,,,,,,,,,,,
113,सेि,Shed,Shed सेि,सामान्य जोखिम,2,,,,,,,,,,,,,,,,,,,,,,,,
114,सेिानमक,Ceramic Products,Ceramic Products सेिानमक,सामान्य जोखिम,2,,,,,,,,,,,,,,,,,,,,,,,,
115,स्टेनियम [र्न्िोि तथा आउटिोि],Stadium [Indoor and Outdoor],Stadium [Indoor and Outdoor] स्टेनियम [र्न्िोि तथा आउटिोि],सामान्य जोखिम,2,,,,,,,,,,,,,,,,,,,,,,,,
116,स्पा तथा सौिा,Spa and Sauna,Spa and Sauna स्पा तथा सौिा,सामान्य जोखिम,2,,,,,,,,,,,,,,,,,,,,,,,,
117,स्पोटस सामग्री,Sports Goods,Sports Goods स्पोटस सामग्री,सामान्य जोखिम,2,,,,,,,,,,,,,,,,,,,,,,,,
118,स्वीट नमट,Sweat Meat,Sweat Meat स्वीट नमट,सामान्य जोखिम,2,,,,,,,,,,,,,,,,,,,,,,,,
119,हस्तकलाका सामग्री,Handicrafts,Handicrafts हस्तकलाका सामग्री,सामान्य जोखिम,2,,,,,,,,,,,,,,,,,,,,,,,,
120,हार्टेन्सि लार्ि, खम्बा वा टावि, खम्बा वा टावि हार्टेन्सि लार्ि,Hi-Tension Line, Pole and Tower,सामान्य जोखिम,2,,,,,,,,,,,,,,,,,,,,,,
121,नहिा,Diamonds,Diamonds नहिा,सामान्य जोखिम,2,,,,,,,,,,,,,,,,,,,,,,,,
122,हेल्मेट,Helmet,Helmet हेल्मेट,सामान्य जोखिम,2,,,,,,,,,,,,,,,,,,,,,,,,
123,होटल,Hotel,Hotel होटल,सामान्य जोखिम,2,,,,,,,,,,,,,,,,,,,,,,,,
124,होमस्टे,Homestay,Homestay होमस्टे,सामान्य जोखिम,2,,,,,,,,,,,,,,,,,,,,,,,,
125,होनिगङ बोिग,Hoarding Board,Hoarding Board होनिगङ बोिग,सामान्य जोखिम,2,,,,,,,,,,,,,,,,,,,,,,,,
126,ह्याचिी,Hatchary,Hatchary ह्याचिी,सामान्य जोखिम,2,,,,,,,,,,,,,,,,,,,,,,,,
127,अर्िविी तथा धप,Agarbatti and Dhoop,Agarbatti and Dhoop अर्िविी तथा धप,मध्यम जोखिम,3,,,,,,,,,,,,,,,,,,,,,,,,
128,अनियो नभनियो क्यासेट, नसनि, नसनि अनियो नभनियो क्यासेट, निनभनि, एमनि, एलनि,Audio Video Cassette, CD, DVD, MD, LD,मध्यम जोखिम,3,,,,,,,,,,,,,,,,
129,अदवा,Ginger,Ginger अदवा,मध्यम जोखिम,3,,,,,,,,,,,,,,,,,,,,,,,,
130,अलैंची,Cardamom,Cardamom अलैंची,मध्यम जोखिम,3,,,,,,,,,,,,,,,,,,,,,,,,
131,र्जनर्जी नड्रङक,Energy Drink,Energy Drink र्जनर्जी नड्रङक,मध्यम जोखिम,3,,,,,,,,,,,,,,,,,,,,,,,,
132,र्नन्र्जनियरिङ वकशप (रु दर् करोड सम्मको बीमाङकको लागि मात्र),Engineering Workshop consist of Machine Shop (Turning,Engineering Workshop consist of Machine Shop (Turning र्नन्र्जनियरिङ वकशप (रु दर् करोड सम्मको बीमाङकको लागि मात्र), Milling, Drilling, Grinding, Cutting etc), the Fitting Shop, the Foundry Shop, the Blacksmith, the Welding shop and the with 2 crore sum assured limit,मध्यम जोखिम,3,,,,,,,,,,,,,,,,
133,उि नमल,Woolen Mills,Woolen Mills उि नमल,मध्यम जोखिम,3,,,,,,,,,,,,,,,,,,,,,,,,
134,उि सफा र्िे तथा नथच्िे,Wool Cleaning and Pressing,Wool Cleaning and Pressing उि सफा र्िे तथा नथच्िे,मध्यम जोखिम,3,,,,,,,,,,,,,,,,,,,,,,,,
135,ऊि,wool,wool ऊि,मध्यम जोखिम,3,,,,,,,,,,,,,,,,,,,,,,,,
136,एअिक्राफ्ट ह्याङर्ि,Aircraft Hangers,Aircraft Hangers एअिक्राफ्ट ह्याङर्ि,मध्यम जोखिम,3,,,,,,,,,,,,,,,,,,,,,,,,
137,कत्था,Katha,Katha कत्था,मध्यम जोखिम,3,,,,,,,,,,,,,,,,,,,,,,,,
138,कन्फेक्सििी,Confectionary,Confectionary कन्फेक्सििी,मध्यम जोखिम,3,,,,,,,,,,,,,,,,,,,,,,,,
139,कपिामा वट्टा भि,Embroidery,Embroidery कपिामा वट्टा भि,मध्यम जोखिम,3,,,,,,,,,,,,,,,,,,,,,,,,
140,कपास तथा कपास प्रशोधि,Cotton and Cotton Procesing,Cotton and Cotton Procesing कपास तथा कपास प्रशोधि,मध्यम जोखिम,3,,,,,,,,,,,,,,,,,,,,,,,,
141,कनफ केलाउिे, तताउिे, तताउिे कनफ केलाउिे, नपस्िे तथा छोिाउिे,Coffee Curing, Roasting, Grinding and Pulping,मध्यम जोखिम,3,,,,,,,,,,,,,,,,,,,,
142,कवािी,Scrap,Scrap कवािी,मध्यम जोखिम,3,,,,,,,,,,,,,,,,,,,,,,,,
143,कापेट तथा दिी [अन्य],Carpet and Drugget [Others],Carpet and Drugget [Others] कापेट तथा दिी [अन्य],मध्यम जोखिम,3,,,,,,,,,,,,,,,,,,,,,,,,
144,केवल [सबै प्रकािको],Cable [All Kinds],Cable [All Kinds] केवल [सबै प्रकािको],मध्यम जोखिम,3,,,,,,,,,,,,,,,,,,,,,,,,
145,कोल्ि स्टोिेर्ज,Cold Storage,Cold Storage कोल्ि स्टोिेर्ज,मध्यम जोखिम,3,,,,,,,,,,,,,,,,,,,,,,,,
146,खाद्य पसल (ग्यास तथा मट्टीतेल बाहेक),Grocery except Cooking Gas and Kerosene,Grocery except Cooking Gas and Kerosene खाद्य पसल (ग्यास तथा मट्टीतेल बाहेक),मध्यम जोखिम,3,,,,,,,,,,,,,,,,,,,,,,,,
147,र्जम, ग्ल तथा ग्यालेटार्ि, ग्ल तथा ग्यालेटार्ि र्जम,Gum/Glue/Gelatine,मध्यम जोखिम,3,,,,,,,,,,,,,,,,,,,,,,,
148,र्जलैंचा, िािी, िािी र्जलैंचा, पाखी,Carpet and Drugget Manufacturing [Cotton/Wool],मध्यम जोखिम,3,,,,,,,,,,,,,,,,,,,,,,
149,र्जामेन्ट,Garment,Garment र्जामेन्ट,मध्यम जोखिम,3,,,,,,,,,,,,,,,,,,,,,,,,
150,र्ज्लावको तेल,RoseOil,RoseOil र्ज्लावको तेल,मध्यम जोखिम,3,,,,,,,,,,,,,,,,,,,,,,,,
151,चलनचत्र भवि,Cinema Hall,Cinema Hall चलनचत्र भवि,मध्यम जोखिम,3,,,,,,,,,,,,,,,,,,,,,,,,
152,नचउिा नमल,Beaten Rice Mill,Beaten Rice Mill नचउिा नमल,मध्यम जोखिम,3,,,,,,,,,,,,,,,,,,,,,,,,
153,नचिी,Sugar,Sugar नचिी,मध्यम जोखिम,3,,,,,,,,,,,,,,,,,,,,,,,,
154,नचिी क्यान्िी,Sugar Candy,Sugar Candy नचिी क्यान्िी,मध्यम जोखिम,3,,,,,,,,,,,,,,,,,,,,,,,,
155,नचया ब्लेनन्िङ, प्यानकङ तथा प्रशोधि, प्यानकङ तथा प्रशोधि नचया ब्लेनन्िङ,Tea Blending, Packingand, Tea Processing,मध्यम जोखिम,3,,,,,,,,,,,,,,,,,,,,,
156,छाता,Umbrella,Umbrella छाता,मध्यम जोखिम,3,,,,,,,,,,,,,,,,,,,,,,,,
157,झल,Mosquito Cutrain,Mosquito Cutrain झल,मध्यम जोखिम,3,,,,,,,,,,,,,,,,,,,,,,,,
158,टाँक,Button,Button टाँक,मध्यम जोखिम,3,,,,,,,,,,,,,,,,,,,,,,,,
159,टार्पिार्टि रिवि,Typewriter Ribbon,Typewriter Ribbon टार्पिार्टि रिवि,मध्यम जोखिम,3,,,,,,,,,,,,,,,,,,,,,,,,
160,टेक्स्टार्ल नमल,Textile Mills,Textile Mills टेक्स्टार्ल नमल,मध्यम जोखिम,3,,,,,,,,,,,,,,,,,,,,,,,,
161,र्जसिा तथा तनकया बिाउिे,Pillow Making,Pillow Making र्जसिा तथा तनकया बिाउिे,मध्यम जोखिम,3,,,,,,,,,,,,,,,,,,,,,,,,
162,निपाटगमेन्टल स्टोि,Departmental Store,Departmental Store निपाटगमेन्टल स्टोि,मध्यम जोखिम,3,,,,,,,,,,,,,,,,,,,,,,,,
163,"र्जर्ा,  िर्ाको पाल वा खावो",Boat and Jiggery,"Boat and Jiggery र्जर्ा,  िर्ाको पाल वा खावो",मध्यम जोखिम,3,,,,,,,,,,,,,,,,,,,,,,,,
164,र्जेिी तथा िेिी प्लान्ट,Milk Pasteurizing Plants and Dairies,Milk Pasteurizing Plants and Dairies र्जेिी तथा िेिी प्लान्ट,मध्यम जोखिम,3,,,,,,,,,,,,,,,,,,,,,,,,
165,तयािी कपिा,Readymade Garments,Readymade Garments तयािी कपिा,मध्यम जोखिम,3,,,,,,,,,,,,,,,,,,,,,,,,
166,तिा,Lace,Lace तिा,मध्यम जोखिम,3,,,,,,,,,,,,,,,,,,,,,,,,
167,दािा उद्योर्[माछा तथा पशपन्छीको],Fish,Fish दािा उद्योर्[माछा तथा पशपन्छीको], Animal and Birds’ Food,मध्यम जोखिम,3,,,,,,,,,,,,,,,,,,,,,,,
168,दालनचिी,Cinnamon,Cinnamon दालनचिी,मध्यम जोखिम,3,,,,,,,,,,,,,,,,,,,,,,,,
169,दग्ध उद्योर्,Condensed Milk Factories,Condensed Milk Factories दग्ध उद्योर्,मध्यम जोखिम,3,,,,,,,,,,,,,,,,,,,,,,,,
170,धाउ प्रशोधि,Ore Processing,Ore Processing धाउ प्रशोधि,मध्यम जोखिम,3,,,,,,,,,,,,,,,,,,,,,,,,
171,धाउबाट धात छटयाउि तथा धात छटयाउि,Metal Smelting,Metal Smelting धाउबाट धात छटयाउि तथा धात छटयाउि, Extraction and Forging Mills,मध्यम जोखिम,3,,,,,,,,,,,,,,,,,,,,,,,
172,धार्ो,Thread,Thread धार्ो,मध्यम जोखिम,3,,,,,,,,,,,,,,,,,,,,,,,,
173,धार्ो कािखािा बानहिको लर् प्रशोधि कन्ि,Cloth Processing Units situated Outside the Compound of Textile Mills,Cloth Processing Units situated Outside the Compound of Textile Mills धार्ो कािखािा बानहिको लर् प्रशोधि कन्ि,मध्यम जोखिम,3,,,,,,,,,,,,,,,,,,,,,,,,
174,धार्ो प्रशोधि,Yarn Processing,Yarn Processing धार्ो प्रशोधि,मध्यम जोखिम,3,,,,,,,,,,,,,,,,,,,,,,,,
175,धातको छपाई,Metal Printers,Metal Printers धातको छपाई,मध्यम जोखिम,3,,,,,,,,,,,,,,,,,,,,,,,,
176,धातको पार्प,Metal Pipe,Metal Pipe धातको पार्प,मध्यम जोखिम,3,,,,,,,,,,,,,,,,,,,,,,,,
177,धातको पार्पलाई नवनभन्ि रूप नदिे,Metal Pipe Extruding,Metal Pipe Extruding धातको पार्पलाई नवनभन्ि रूप नदिे,मध्यम जोखिम,3,,,,,,,,,,,,,,,,,,,,,,,,
178,धातको लेप लर्ाउिे,Galvanizing Works,Galvanizing Works धातको लेप लर्ाउिे,मध्यम जोखिम,3,,,,,,,,,,,,,,,,,,,,,,,,
179,धातल मोिि काय,Metallizing works [Involving Metals Only],Metallizing works [Involving Metals Only] धातल मोिि काय,मध्यम जोखिम,3,,,,,,,,,,,,,,,,,,,,,,,,
180,धाि नमल,Rice Mills,Rice Mills धाि नमल,मध्यम जोखिम,3,,,,,,,,,,,,,,,,,,,,,,,,
181,र्जाली तथा फोहोि प्रशोधि के न्ि,Effluent/Sewage Treatment Plant,Effluent/Sewage Treatment Plant र्जाली तथा फोहोि प्रशोधि के न्ि,मध्यम जोखिम,3,,,,,,,,,,,,,,,,,,,,,,,,
182,पत्र धात, सामाि वा भािा पर्ाल्िे, सामाि वा भािा पर्ाल्िे पत्र धात,Scrapt metal, Utensil Melting,मध्यम जोखिम,3,,,,,,,,,,,,,,,,,,,,,,
183,पाल वा नत्रपाल,Tent,Tent पाल वा नत्रपाल,मध्यम जोखिम,3,,,,,,,,,,,,,,,,,,,,,,,,
184,पल (काठ तथा नस्टल ) झोलङर् पल बाहक,Bridges (wood and Steel) apart from Suspension Breidge,Bridges (wood and Steel) apart from Suspension Breidge पल (काठ तथा नस्टल ) झोलङर् पल बाहक,मध्यम जोखिम,3,,,,,,,,,,,,,,,,,,,,,,,,
185,पस्तक तथा पस्तकालय,Book and Library,Book and Library पस्तक तथा पस्तकालय,मध्यम जोखिम,3,,,,,,,,,,,,,,,,,,,,,,,,
186,प्रकाशि तथा वक बार्नन्िङ,Publication and Book Binding,Publication and Book Binding प्रकाशि तथा वक बार्नन्िङ,मध्यम जोखिम,3,,,,,,,,,,,,,,,,,,,,,,,,
187,प्रसािण स्टेशि तथा नटभी ि एफएम प्रसािण स्टेशि,Transmission Stations and TV and FM Stations,Transmission Stations and TV and FM Stations प्रसािण स्टेशि तथा नटभी ि एफएम प्रसािण स्टेशि,मध्यम जोखिम,3,,,,,,,,,,,,,,,,,,,,,,,,
188,फलफल तथा सार्पात सकाउि,Fruit and Vegetable Dryingand Dehydrating,Fruit and Vegetable Dryingand Dehydrating फलफल तथा सार्पात सकाउि,मध्यम जोखिम,3,,,,,,,,,,,,,,,,,,,,,,,,
189,फलफल तथा फलफलको र्दी निकाल्ि काम,Fruit and fruit pulp making,Fruit and fruit pulp making फलफल तथा फलफलको र्दी निकाल्ि काम,मध्यम जोखिम,3,,,,,,,,,,,,,,,,,,,,,,,,
190,फलाम, नस्टल, नस्टल फलाम, एल्मनियम, काँस, नपिल, र्जस्ता ि तामा तथा धातर्जन्य उद्योर्,Iron,Steel, Aluminum, Bronze, Brass, Zinc, Copper Industry,मध्यम जोखिम,3,,,,,,,,,,,,,
191,फ्यर्ज,Fuse,Fuse फ्यर्ज,मध्यम जोखिम,3,,,,,,,,,,,,,,,,,,,,,,,,
192,बट्टा,Canning,Canning बट्टा,मध्यम जोखिम,3,,,,,,,,,,,,,,,,,,,,,,,,
193,बाय प्रभानवत पािी,Aerated Water,Aerated Water बाय प्रभानवत पािी,मध्यम जोखिम,3,,,,,,,,,,,,,,,,,,,,,,,,
194,नबऊ,Seed,Seed नबऊ,मध्यम जोखिम,3,,,,,,,,,,,,,,,,,,,,,,,,
195,बनटक,Boutique,Boutique बनटक,मध्यम जोखिम,3,,,,,,,,,,,,,,,,,,,,,,,,
196,बिार् र्ि नमल,Weaving Mills,Weaving Mills बिार् र्ि नमल,मध्यम जोखिम,3,,,,,,,,,,,,,,,,,,,,,,,,
197,बेकिी,Bakery,Bakery बेकिी,मध्यम जोखिम,3,,,,,,,,,,,,,,,,,,,,,,,,
198,ब्रअिी,Breweries,Breweries ब्रअिी,मध्यम जोखिम,3,,,,,,,,,,,,,,,,,,,,,,,,
199,ब्रोन्र्ज पाउिि,BronzePowder,BronzePowder ब्रोन्र्ज पाउिि,मध्यम जोखिम,3,,,,,,,,,,,,,,,,,,,,,,,,
200,मकै ब्राि,Maize Bran,Maize Bran मकै ब्राि,मध्यम जोखिम,3,,,,,,,,,,,,,,,,,,,,,,,,
201,मखमलको कपिा,Velvet Cloth,Velvet Cloth मखमलको कपिा,मध्यम जोखिम,3,,,,,,,,,,,,,,,,,,,,,,,,
202,मनदिा,Distilleries,Distilleries मनदिा,मध्यम जोखिम,3,,,,,,,,,,,,,,,,,,,,,,,,
203,मसला,Curry Spices,Curry Spices मसला,मध्यम जोखिम,3,,,,,,,,,,,,,,,,,,,,,,,,
204,मसी,Ink,Ink मसी,मध्यम जोखिम,3,,,,,,,,,,,,,,,,,,,,,,,,
205,माि,Starch,Starch माि,मध्यम जोखिम,3,,,,,,,,,,,,,,,,,,,,,,,,
206,नमल [अन्ि, दलहि, दलहि नमल [अन्ि, नपठो नपस्िे तथा पोनलस र्िे],Mill [Cereal, Rice, Flour, Dal],मध्यम जोखिम,3,,,,,,,,,,,,,,,,,,,
207,मेनिकल सामाि,Medical Equipment,Medical Equipment मेनिकल सामाि,मध्यम जोखिम,3,,,,,,,,,,,,,,,,,,,,,,,,
208,मैि तथा मैिविी,Wax and Candle,Wax and Candle मैि तथा मैिविी,मध्यम जोखिम,3,,,,,,,,,,,,,,,,,,,,,,,,
209,मोर्जा तथा होनर्जयािी सामाि,Shocks and Hosiery Goods,Shocks and Hosiery Goods मोर्जा तथा होनर्जयािी सामाि,मध्यम जोखिम,3,,,,,,,,,,,,,,,,,,,,,,,,
210,मोर्जार्क,Mosaic,Mosaic मोर्जार्क,मध्यम जोखिम,3,,,,,,,,,,,,,,,,,,,,,,,,
211,र्जलव रयाक,Railways Tracks,Railways Tracks र्जलव रयाक,मध्यम जोखिम,3,,,,,,,,,,,,,,,,,,,,,,,,
212,र्जेशम तथा कातेको नसल्क नमल,Silk Mills / Spun Silk Mills,Silk Mills / Spun Silk Mills र्जेशम तथा कातेको नसल्क नमल,मध्यम जोखिम,3,,,,,,,,,,,,,,,,,,,,,,,,
213,लन्ड्री,Laundry,Laundry लन्ड्री,मध्यम जोखिम,3,,,,,,,,,,,,,,,,,,,,,,,,
214,लर्ा नसलाउिे पसल,Tailor,Tailor लर्ा नसलाउिे पसल,मध्यम जोखिम,3,,,,,,,,,,,,,,,,,,,,,,,,
215,नवर्जली सम्बन्धी सामाि,Electric Goods,Electric Goods नवर्जली सम्बन्धी सामाि,मध्यम जोखिम,3,,,,,,,,,,,,,,,,,,,,,,,,
216,नवद्यतीय प्रसािण लार्ि तथा नवतिण,Electric Transmission and Distribution,Electric Transmission and Distribution नवद्यतीय प्रसािण लार्ि तथा नवतिण,मध्यम जोखिम,3,,,,,,,,,,,,,,,,,,,,,,,,
217,नवद्यतीय सामाि,Electronic Goods,Electronic Goods नवद्यतीय सामाि,मध्यम जोखिम,3,,,,,,,,,,,,,,,,,,,,,,,,
218,नवस्कट,Biscuit,Biscuit नवस्कट,मध्यम जोखिम,3,,,,,,,,,,,,,,,,,,,,,,,,
219,वेविेर्ज,Beverage,Beverage वेविेर्ज,मध्यम जोखिम,3,,,,,,,,,,,,,,,,,,,,,,,,
220,व्यवसायक भवि (पसल भािा प्रयोर्जि तथा व्यवसायक प्रयोर्जिको लागि प्रयोर् हि बह उपयोर्ी भवि),Commercial Building (Multi Purpose commercial Building),Commercial Building (Multi Purpose commercial Building) व्यवसायक भवि (पसल भािा प्रयोर्जि तथा व्यवसायक प्रयोर्जिको लागि प्रयोर् हि बह उपयोर्ी भवि),मध्यम जोखिम,3,,,,,,,,,,,,,,,,,,,,,,,,
221,निकेट,Briquettes,Briquettes निकेट,मध्यम जोखिम,3,,,,,,,,,,,,,,,,,,,,,,,,
222,सख्खि,Khandsari Sugar,Khandsari Sugar सख्खि,मध्यम जोखिम,3,,,,,,,,,,,,,,,,,,,,,,,,
223,सफ्ट नड्रङक,Soft Drinks,Soft Drinks सफ्ट नड्रङक,मध्यम जोखिम,3,,,,,,,,,,,,,,,,,,,,,,,,
224,समन्िी खाद्य प्रशोधि,Sea Food Processing,Sea Food Processing समन्िी खाद्य प्रशोधि,मध्यम जोखिम,3,,,,,,,,,,,,,,,,,,,,,,,,
225,साङनर्नतक उपकिण वा सामाि,Musical Instruments,Musical Instruments साङनर्नतक उपकिण वा सामाि,मध्यम जोखिम,3,,,,,,,,,,,,,,,,,,,,,,,,
226,नससाकलम,Pencil,Pencil नससाकलम,मध्यम जोखिम,3,,,,,,,,,,,,,,,,,,,,,,,,
227,सकाउिे वा सख्खा बिाउि,Dehydration,Dehydration सकाउिे वा सख्खा बिाउि,मध्यम जोखिम,3,,,,,,,,,,,,,,,,,,,,,,,,
228,सख्खा फलर्जस्त: कार्ज, बदम तथा बदाम, बदम तथा बदाम सख्खा फलर्जस्त: कार्ज,Dry Fruit Like: Cashew Nut, Peanuts and Almond,मध्यम जोखिम,3,,,,,,,,,,,,,,,,,,,,,,
229,सपािी,Betel Nut and Arecanut,Betel Nut and Arecanut सपािी,मध्यम जोखिम,3,,,,,,,,,,,,,,,,,,,,,,,,
230,सेवई,Vermicellior Spaghetti,Vermicellior Spaghetti सेवई,मध्यम जोखिम,3,,,,,,,,,,,,,,,,,,,,,,,,
231,सोिा वाटि,Soda Water,Soda Water सोिा वाटि,मध्यम जोखिम,3,,,,,,,,,,,,,,,,,,,,,,,,
232,सौयग तथा वाय उर्जा,Solar and Wind Engery,Solar and Wind Engery सौयग तथा वाय उर्जा,मध्यम जोखिम,3,,,,,,,,,,,,,,,,,,,,,,,,
233,स्टेशििी,Stationary,Stationary स्टेशििी,मध्यम जोखिम,3,,,,,,,,,,,,,,,,,,,,,,,,
234,नस्पनिङ नमल,Spinning Mills,Spinning Mills नस्पनिङ नमल,मध्यम जोखिम,3,,,,,,,,,,,,,,,,,,,,,,,,
235,हरित र्ह, एल्र्ी तथा नस्पिीनलिा, एल्र्ी तथा नस्पिीनलिा हरित र्ह,Green Houses/ Algae/ Spirulina,मध्यम जोखिम,3,,,,,,,,,,,,,,,,,,,,,,,
236,हनस्पटल र्क्यप्मन्ट तथा सनर्जकल सामािहरु,Hospital Equipment and Surgical Goods,Hospital Equipment and Surgical Goods हनस्पटल र्क्यप्मन्ट तथा सनर्जकल सामािहरु,मध्यम जोखिम,3,,,,,,,,,,,,,,,,,,,,,,,,
237,हािगवेयि,Hardware,Hardware हािगवेयि,मध्यम जोखिम,3,,,,,,,,,,,,,,,,,,,,,,,,
238,अलोर् फार्वि,AloeFibers,AloeFibers अलोर् फार्वि,उच्च मध्यम जोखिम,4.5,,,,,,,,,,,,,,,,,,,,,,,,
239,आर्रिस तेल,Iris Oil,Iris Oil आर्रिस तेल,उच्च मध्यम जोखिम,4.5,,,,,,,,,,,,,,,,,,,,,,,,
240,आयोनिि,Iodine,Iodine आयोनिि,उच्च मध्यम जोखिम,4.5,,,,,,,,,,,,,,,,,,,,,,,,
241,र्क्यनप्लटस तल,Eucalyptus Oil,Eucalyptus Oil र्क्यनप्लटस तल,उच्च मध्यम जोखिम,4.5,,,,,,,,,,,,,,,,,,,,,,,,
242,र्नग्िसि किस,Ignition Chords,Ignition Chords र्नग्िसि किस,उच्च मध्यम जोखिम,4.5,,,,,,,,,,,,,,,,,,,,,,,,
243,र्जामेल तथा र्जामेल कोट र्रिएका सामाि,Enamel Ware,Enamel Ware र्जामेल तथा र्जामेल कोट र्रिएका सामाि,उच्च मध्यम जोखिम,4.5,,,,,,,,,,,,,,,,,,,,,,,,
244,एन्र्जेनलका तेल,Angelica Oil,Angelica Oil एन्र्जेनलका तेल,उच्च मध्यम जोखिम,4.5,,,,,,,,,,,,,,,,,,,,,,,,
245,एलनमनियम कावार्ि,Aluminum Carbide,Aluminum Carbide एलनमनियम कावार्ि,उच्च मध्यम जोखिम,4.5,,,,,,,,,,,,,,,,,,,,,,,,
246,एलनमनियम पाउिि [फार्वि],Aluminum Powder/Dust,Aluminum Powder/Dust एलनमनियम पाउिि [फार्वि],उच्च मध्यम जोखिम,4.5,,,,,,,,,,,,,,,,,,,,,,,,
247,औषधी,Drug and Pharmaceuticals,Drug and Pharmaceuticals औषधी,उच्च मध्यम जोखिम,4.5,,,,,,,,,,,,,,,,,,,,,,,,
248,कपि िार्रेट,CopperNitrate,CopperNitrate कपि िार्रेट,उच्च मध्यम जोखिम,4.5,,,,,,,,,,,,,,,,,,,,,,,,
249,ककग,Cork,Cork ककग,उच्च मध्यम जोखिम,4.5,,,,,,,,,,,,,,,,,,,,,,,,
250,कस्मेनटक्स सामाग्री,Cosmetic Item,Cosmetic Item कस्मेनटक्स सामाग्री,उच्च मध्यम जोखिम,4.5,,,,,,,,,,,,,,,,,,,,,,,,
251,काँच [सबै प्रकािको],Glass of all type,Glass of all type काँच [सबै प्रकािको],उच्च मध्यम जोखिम,4.5,,,,,,,,,,,,,,,,,,,,,,,,
252,काँचको कलात्मक सामाि बिाउिे,Art Work of Glass,Art Work of Glass काँचको कलात्मक सामाि बिाउिे,उच्च मध्यम जोखिम,4.5,,,,,,,,,,,,,,,,,,,,,,,,
253,कार्र्ज तथा कािगवोिग नमल,Paper and Cardboard Mills,Paper and Cardboard Mills कार्र्ज तथा कािगवोिग नमल,उच्च मध्यम जोखिम,4.5,,,,,,,,,,,,,,,,,,,,,,,,
254,काठ, काठको सामाि, काठको सामाि काठ, उल उि तथा फनिगचि [स-नमल बाहेक],Wood, Carpenters, Wood Wool, Furniture (Excluding Saw Mill),उच्च मध्यम जोखिम,4.5,,,,,,,,,,,,,,,,,,,
255,काठको नसर्जनिङ, नरटमेन्ट तथा र्म्प्रेग्िेशि, नरटमेन्ट तथा र्म्प्रेग्िेशि काठको नसर्जनिङ,WoodSeasoning/Treatment/ Impregnation Expect Playwood and Venure,उच्च मध्यम जोखिम,4.5,,,,,,,,,,,,,,,,,,,,,,,
256,कािगबोिग वा र्िाको बाकस,Cardboard Box,Cardboard Box कािगबोिग वा र्िाको बाकस,उच्च मध्यम जोखिम,4.5,,,,,,,,,,,,,,,,,,,,,,,,
257,कावगि पेपि,Carbon paper,Carbon paper कावगि पेपि,उच्च मध्यम जोखिम,4.5,,,,,,,,,,,,,,,,,,,,,,,,
258,कनषर्जन्य बस्त (Agricultural Goods): बाँस, बेत, बेत कनषर्जन्य बस्त (Agricultural Goods): बाँस, िरिवलको र्जटा, कपासको पात, नसयिाको पात, घाँस, खि, सिपाट, फोहोि, पतकि, भसा,Bamboo, Cane, Jute, Hey, Straw, Coconut Husk, Cotton Leaf, Siana Leaf, Grass, Fodder, Sunpat, Coir, Mess, Dry Leaves, Hemp,उच्च मध्यम जोखिम,4.5
259,कोवाल्ट िार्रेट,Cobalt Nitrate,Cobalt Nitrate कोवाल्ट िार्रेट,उच्च मध्यम जोखिम,4.5,,,,,,,,,,,,,,,,,,,,,,,,
260,क्यानल्सयम क्लोिेट,Calcium Chlorate,Calcium Chlorate क्यानल्सयम क्लोिेट,उच्च मध्यम जोखिम,4.5,,,,,,,,,,,,,,,,,,,,,,,,
261,क्यानल्सयम पाउिि,Calcium Powder,Calcium Powder क्यानल्सयम पाउिि,उच्च मध्यम जोखिम,4.5,,,,,,,,,,,,,,,,,,,,,,,,
262,क्लोभ तेल,Clove Oil,Clove Oil क्लोभ तेल,उच्च मध्यम जोखिम,4.5,,,,,,,,,,,,,,,,,,,,,,,,
263,क्लोरिि,Chlorine,Chlorine क्लोरिि,उच्च मध्यम जोखिम,4.5,,,,,,,,,,,,,,,,,,,,,,,,
264,खनिर्ज तेल तथा खािे तेल बाहेकका सबै तेल,Mineral Oiland All Oils other than Edible Oil,Mineral Oiland All Oils other than Edible Oil खनिर्ज तेल तथा खािे तेल बाहेकका सबै तेल,उच्च मध्यम जोखिम,4.5,,,,,,,,,,,,,,,,,,,,,,,,
265,खाक्सी, नचल्लो पािे, नचल्लो पािे खाक्सी,Abrasive Manufacturing,उच्च मध्यम जोखिम,4.5,,,,,,,,,,,,,,,,,,,,,,,
266,खािा पकाउि ग्यास बलट बाहक,Cooking Gas except bullet,Cooking Gas except bullet खािा पकाउि ग्यास बलट बाहक,उच्च मध्यम जोखिम,4.5,,,,,,,,,,,,,,,,,,,,,,,,
267,खािेतेल,Edible Oil,Edible Oil खािेतेल,उच्च मध्यम जोखिम,4.5,,,,,,,,,,,,,,,,,,,,,,,,
268,खाम तथा कार्र्जको झोला,Envelope and Paper Bag,Envelope and Paper Bag खाम तथा कार्र्जको झोला,उच्च मध्यम जोखिम,4.5,,,,,,,,,,,,,,,,,,,,,,,,
269,ग्यास होल्िसग, बलट, बलट ग्यास होल्िसग, स्फेयि,Gas Holders/Bullets/Spheres,उच्च मध्यम जोखिम,4.5,,,,,,,,,,,,,,,,,,,,,,
270,ग्रेफार्ट र्लेक्रोि,Graphite Electrode,Graphite Electrode ग्रेफार्ट र्लेक्रोि,उच्च मध्यम जोखिम,4.5,,,,,,,,,,,,,,,,,,,,,,,,
271,नघऊ,Ghee,Ghee नघऊ,उच्च मध्यम जोखिम,4.5,,,,,,,,,,,,,,,,,,,,,,,,
272,चाउनमि, पास्ता वा चाउचाऊ, पास्ता वा चाउचाऊ चाउनमि,Chowmin, Pasta and Noodles,उच्च मध्यम जोखिम,4.5,,,,,,,,,,,,,,,,,,,,,,
273,चीर्जबल्स,Chees Balls,Chees Balls चीर्जबल्स,उच्च मध्यम जोखिम,4.5,,,,,,,,,,,,,,,,,,,,,,,,
274,चिोट तथा नसर्ाि,Cigarette and Cigar,Cigarette and Cigar चिोट तथा नसर्ाि,उच्च मध्यम जोखिम,4.5,,,,,,,,,,,,,,,,,,,,,,,,
275,चिोटको नफल्टि,Cigarette Filter,Cigarette Filter चिोटको नफल्टि,उच्च मध्यम जोखिम,4.5,,,,,,,,,,,,,,,,,,,,,,,,
276,छापाखािा,Press,Press छापाखािा,उच्च मध्यम जोखिम,4.5,,,,,,,,,,,,,,,,,,,,,,,,
277,छाला तथा काँचो छाला , छाला प्रशोधि, छाला प्रशोधि छाला तथा काँचो छाला ,Hides and Skins, Tanneries,उच्च मध्यम जोखिम,4.5,,,,,,,,,,,,,,,,,,,,,,
278,र्जनस्मि तेल,Jasmine Oil,Jasmine Oil र्जनस्मि तेल,उच्च मध्यम जोखिम,4.5,,,,,,,,,,,,,,,,,,,,,,,,
279,नर्जक िार्रट,Zinc Nitrate,Zinc Nitrate नर्जक िार्रट,उच्च मध्यम जोखिम,4.5,,,,,,,,,,,,,,,,,,,,,,,,
280,नर्जङक पाउिि,Zinc Powder,Zinc Powder नर्जङक पाउिि,उच्च मध्यम जोखिम,4.5,,,,,,,,,,,,,,,,,,,,,,,,
281,नर्जङक पिोअक्सार्ि,Zinc Peroxide,Zinc Peroxide नर्जङक पिोअक्सार्ि,उच्च मध्यम जोखिम,4.5,,,,,,,,,,,,,,,,,,,,,,,,
282,नर्जप फास्टिस,Zip Fasteners,Zip Fasteners नर्जप फास्टिस,उच्च मध्यम जोखिम,4.5,,,,,,,,,,,,,,,,,,,,,,,,
283,नर्जप्सम बोिग,Gypsum Board,Gypsum Board नर्जप्सम बोिग,उच्च मध्यम जोखिम,4.5,,,,,,,,,,,,,,,,,,,,,,,,
284,र्जता तथा चप्पल [फोम प्लानस्टक बाहेकि],Footwear [except foam plastic],Footwear [except foam plastic] र्जता तथा चप्पल [फोम प्लानस्टक बाहेकि],उच्च मध्यम जोखिम,4.5,,,,,,,,,,,,,,,,,,,,,,,,
285,र्जनिपि तल,Juniper Oil,Juniper Oil र्जनिपि तल,उच्च मध्यम जोखिम,4.5,,,,,,,,,,,,,,,,,,,,,,,,
286,र्जौ र्जमग,Malt Germ,Malt Germ र्जौ र्जमग,उच्च मध्यम जोखिम,4.5,,,,,,,,,,,,,,,,,,,,,,,,
287,टानपओका,Tapioca,Tapioca टानपओका,उच्च मध्यम जोखिम,4.5,,,,,,,,,,,,,,,,,,,,,,,,
288,टायि तथा टयव,Tyres and Tubes,Tyres and Tubes टायि तथा टयव,उच्च मध्यम जोखिम,4.5,,,,,,,,,,,,,,,,,,,,,,,,
289,टायि रिनरनिङ तथा रिसोनलङ,Tyre Retreading and Resoling,Tyre Retreading and Resoling टायि रिनरनिङ तथा रिसोनलङ,उच्च मध्यम जोखिम,4.5,,,,,,,,,,,,,,,,,,,,,,,,
290,ठेकेदािको यन्त्र तथा उपकिण [एकै स्थािमा भएको],Contractors Plant and Machinery [At one Location Only],Contractors Plant and Machinery [At one Location Only] ठेकेदािको यन्त्र तथा उपकिण [एकै स्थािमा भएको],उच्च मध्यम जोखिम,4.5,,,,,,,,,,,,,,,,,,,,,,,,
291,निटिर्जेन्ट,Detergent,Detergent निटिर्जेन्ट,उच्च मध्यम जोखिम,4.5,,,,,,,,,,,,,,,,,,,,,,,,
292,तिल ग्यासको नवको लर्ाउिे प्लान्ट,Liquefied Gas Bottling Plants,Liquefied Gas Bottling Plants तिल ग्यासको नवको लर्ाउिे प्लान्ट,उच्च मध्यम जोखिम,4.5,,,,,,,,,,,,,,,,,,,,,,,,
293,तेल निनस्टल प्लान्ट,Oil Distillation Plants,Oil Distillation Plants तेल निनस्टल प्लान्ट,उच्च मध्यम जोखिम,4.5,,,,,,,,,,,,,,,,,,,,,,,,
294,तेल निकाल्िे,Oil Extraction,Oil Extraction तेल निकाल्िे,उच्च मध्यम जोखिम,4.5,,,,,,,,,,,,,,,,,,,,,,,,
295,तेल नमल रिफार्निङ,Oil Mills Refining,Oil Mills Refining तेल नमल रिफार्निङ,उच्च मध्यम जोखिम,4.5,,,,,,,,,,,,,,,,,,,,,,,,
296,तेलको बीर्ज,Oil Seeds,Oil Seeds तेलको बीर्ज,उच्च मध्यम जोखिम,4.5,,,,,,,,,,,,,,,,,,,,,,,,
297,दािा छोिाउि वा छटयाउि तथा पल्ि नमल,Grain/Seeds Disintegrating/crushing/ Decorticating factories/ Dal Mills,Grain/Seeds Disintegrating/crushing/ Decorticating factories/ Dal Mills दािा छोिाउि वा छटयाउि तथा पल्ि नमल,उच्च मध्यम जोखिम,4.5,,,,,,,,,,,,,,,,,,,,,,,,
298,दालमोठ तथा पापि,Dalmoth and Papad,Dalmoth and Papad दालमोठ तथा पापि,उच्च मध्यम जोखिम,4.5,,,,,,,,,,,,,,,,,,,,,,,,
299,धवा उत्सर्जक,Smoke Generators,Smoke Generators धवा उत्सर्जक,उच्च मध्यम जोखिम,4.5,,,,,,,,,,,,,,,,,,,,,,,,
300,धोक्रो वा कपिा भएको कार्र्ज,Hessian Paper and Cloth,Hessian Paper and Cloth धोक्रो वा कपिा भएको कार्र्ज,उच्च मध्यम जोखिम,4.5,,,,,,,,,,,,,,,,,,,,,,,,
301,र्जार्नरक एनसि,Nitric Acid,Nitric Acid र्जार्नरक एनसि,उच्च मध्यम जोखिम,4.5,,,,,,,,,,,,,,,,,,,,,,,,
302,र्जार्रो कटि थ्रेि,Nitro Cotton Thread,Nitro Cotton Thread र्जार्रो कटि थ्रेि,उच्च मध्यम जोखिम,4.5,,,,,,,,,,,,,,,,,,,,,,,,
303,र्जार्रो नसल्क,Nitro Silk,Nitro Silk र्जार्रो नसल्क,उच्च मध्यम जोखिम,4.5,,,,,,,,,,,,,,,,,,,,,,,,
304,र्जार्लि फार्वि,Nylon Fiber,Nylon Fiber र्जार्लि फार्वि,उच्च मध्यम जोखिम,4.5,,,,,,,,,,,,,,,,,,,,,,,,
305,निकेल िार्रेट,Nickel Nitrate,Nickel Nitrate निकेल िार्रेट,उच्च मध्यम जोखिम,4.5,,,,,,,,,,,,,,,,,,,,,,,,
306,पानटगकल बोिग,Particle Board,Particle Board पानटगकल बोिग,उच्च मध्यम जोखिम,4.5,,,,,,,,,,,,,,,,,,,,,,,,
307,पनदिा वा वाविीको तल,Peppermint Oil,Peppermint Oil पनदिा वा वाविीको तल,उच्च मध्यम जोखिम,4.5,,,,,,,,,,,,,,,,,,,,,,,,
308,पेरोनलयम कोक क्यानल्सिेसि,Petroleum Coke Calcination,Petroleum Coke Calcination पेरोनलयम कोक क्यानल्सिेसि,उच्च मध्यम जोखिम,4.5,,,,,,,,,,,,,,,,,,,,,,,,
309,पोटानसयम िार्रेट,Potassium Nitrate,Potassium Nitrate पोटानसयम िार्रेट,उच्च मध्यम जोखिम,4.5,,,,,,,,,,,,,,,,,,,,,,,,
310,पोटानसयम पेिोअक्सार्ि,Potassium Peroxide,Potassium Peroxide पोटानसयम पेिोअक्सार्ि,उच्च मध्यम जोखिम,4.5,,,,,,,,,,,,,,,,,,,,,,,,
311,फायिलार्टसग,Firelighters,Firelighters फायिलार्टसग,उच्च मध्यम जोखिम,4.5,,,,,,,,,,,,,,,,,,,,,,,,
312,फे रिक िार्रेट,FerricNitrate,FerricNitrate फे रिक िार्रेट,उच्च मध्यम जोखिम,4.5,,,,,,,,,,,,,,,,,,,,,,,,
313,फे िोनसनलकि,Ferrosilicon,Ferrosilicon फे िोनसनलकि,उच्च मध्यम जोखिम,4.5,,,,,,,,,,,,,,,,,,,,,,,,
314,फोिमार्का,Formica,Formica फोिमार्का,उच्च मध्यम जोखिम,4.5,,,,,,,,,,,,,,,,,,,,,,,,
315,फ्लोरिङ एण्ि फनिनसङ,Flooring and Furnishing,Flooring and Furnishing फ्लोरिङ एण्ि फनिनसङ,उच्च मध्यम जोखिम,4.5,,,,,,,,,,,,,,,,,,,,,,,,
316,फ्ल्यास पाउिि, फोटोग्रानफक, फोटोग्रानफक फ्ल्यास पाउिि,Flash Powder, Photographic,उच्च मध्यम जोखिम,4.5,,,,,,,,,,,,,,,,,,,,,,
317,बिस्पनत तेल,Vegetable Oil,Vegetable Oil बिस्पनत तेल,उच्च मध्यम जोखिम,4.5,,,,,,,,,,,,,,,,,,,,,,,,
318,बिस्पनतको िेशा,Vegetable Fibers,Vegetable Fibers बिस्पनतको िेशा,उच्च मध्यम जोखिम,4.5,,,,,,,,,,,,,,,,,,,,,,,,
319,बिस्पती नघऊ,vegetable Ghee,vegetable Ghee बिस्पती नघऊ,उच्च मध्यम जोखिम,4.5,,,,,,,,,,,,,,,,,,,,,,,,
320,बन्दिर्ाह, सख्खा बन्दिर्ाह तथा नवषेष आनथगक क्षेत्र, सख्खा बन्दिर्ाह तथा नवषेष आनथगक क्षेत्र बन्दिर्ाह,Port,Dry Port and Special Economic Zone,उच्च मध्यम जोखिम,4.5,,,,,,,,,,,,,,,,,,,,,,
321,बायो ग्यास,Bio Gas,Bio Gas बायो ग्यास,उच्च मध्यम जोखिम,4.5,,,,,,,,,,,,,,,,,,,,,,,,
322,ब्यारी वा शेल [सबै प्रकािको ],Batteryof any Kind,Batteryof any Kind ब्यारी वा शेल [सबै प्रकािको ],उच्च मध्यम जोखिम,4.5,,,,,,,,,,,,,,,,,,,,,,,,
323,ब्राि िस्ट,Bran Dust,Bran Dust ब्राि िस्ट,उच्च मध्यम जोखिम,4.5,,,,,,,,,,,,,,,,,,,,,,,,
324,नब्लनचङ पाउिि,Bleaching Powder,Bleaching Powder नब्लनचङ पाउिि,उच्च मध्यम जोखिम,4.5,,,,,,,,,,,,,,,,,,,,,,,,
325,नभिेर्ि,Vinegar,Vinegar नभिेर्ि,उच्च मध्यम जोखिम,4.5,,,,,,,,,,,,,,,,,,,,,,,,
326,भेिमाउथ तेल,Vermouth Oil,Vermouth Oil भेिमाउथ तेल,उच्च मध्यम जोखिम,4.5,,,,,,,,,,,,,,,,,,,,,,,,
327,भोल्यम बाकग , फार्वि, फार्वि भोल्यम बाकग ,Volume Bark, Fibre,उच्च मध्यम जोखिम,4.5,,,,,,,,,,,,,,,,,,,,,,
328,भ्यालेरियि तेल,Valerian Oil,Valerian Oil भ्यालेरियि तेल,उच्च मध्यम जोखिम,4.5,,,,,,,,,,,,,,,,,,,,,,,,
329,मक्यिस िार्रट,Mercurous Nitrate,Mercurous Nitrate मक्यिस िार्रट,उच्च मध्यम जोखिम,4.5,,,,,,,,,,,,,,,,,,,,,,,,
330,मल सनमश्रण कायग,Manure Blending Works,Manure Blending Works मल सनमश्रण कायग,उच्च मध्यम जोखिम,4.5,,,,,,,,,,,,,,,,,,,,,,,,
331,मलखाद,Fertilizer,Fertilizer मलखाद,उच्च मध्यम जोखिम,4.5,,,,,,,,,,,,,,,,,,,,,,,,
332,मार्का,Mica,Mica मार्का,उच्च मध्यम जोखिम,4.5,,,,,,,,,,,,,,,,,,,,,,,,
333,मेहेन्दी वा नतउिीको तेल,Rosemary Oil,Rosemary Oil मेहेन्दी वा नतउिीको तेल,उच्च मध्यम जोखिम,4.5,,,,,,,,,,,,,,,,,,,,,,,,
334,मैन्टोल,Incandescent Gas mantle,Incandescent Gas mantle मैन्टोल,उच्च मध्यम जोखिम,4.5,,,,,,,,,,,,,,,,,,,,,,,,
335,म्यार्ानिर्ज िार्रट,Manganese Nitrate,Manganese Nitrate म्यार्ानिर्ज िार्रट,उच्च मध्यम जोखिम,4.5,,,,,,,,,,,,,,,,,,,,,,,,
336,म्यार्ानिर्ज पिोअक्सार्ि,Manganese Peroxide,Manganese Peroxide म्यार्ानिर्ज पिोअक्सार्ि,उच्च मध्यम जोखिम,4.5,,,,,,,,,,,,,,,,,,,,,,,,
337,म्याग्िेनसयम िार्रेट,Magnesium Nitrate,Magnesium Nitrate म्याग्िेनसयम िार्रेट,उच्च मध्यम जोखिम,4.5,,,,,,,,,,,,,,,,,,,,,,,,
338,म्यारेस,Mattress,Mattress म्यारेस,उच्च मध्यम जोखिम,4.5,,,,,,,,,,,,,,,,,,,,,,,,
339,यरिया िार्रेट,Urea Nitrate,Urea Nitrate यरिया िार्रेट,उच्च मध्यम जोखिम,4.5,,,,,,,,,,,,,,,,,,,,,,,,
340,र्जङर् तथा बानिस,Color and Varnish,Color and Varnish र्जङर् तथा बानिस,उच्च मध्यम जोखिम,4.5,,,,,,,,,,,,,,,,,,,,,,,,
341,र्जवि उद्योर्,Rubber,Rubber र्जवि उद्योर्,उच्च मध्यम जोखिम,4.5,,,,,,,,,,,,,,,,,,,,,,,,
342,र्जवि नसमेन्ट,Rubber Cement,Rubber Cement र्जवि नसमेन्ट,उच्च मध्यम जोखिम,4.5,,,,,,,,,,,,,,,,,,,,,,,,
343,र्जविको सामाि उत्पादि [स्प्रेनिङ नविा],Rubber Goods Manufacturing without spreading,Rubber Goods Manufacturing without spreading र्जविको सामाि उत्पादि [स्प्रेनिङ नविा],उच्च मध्यम जोखिम,4.5,,,,,,,,,,,,,,,,,,,,,,,,
344,र्जसायि [यस तानलकामा अन्यत्र उल्लेख भएको बाहेक],Chemical [Other than mentioned in this table],Chemical [Other than mentioned in this table] र्जसायि [यस तानलकामा अन्यत्र उल्लेख भएको बाहेक],उच्च मध्यम जोखिम,4.5,,,,,,,,,,,,,,,,,,,,,,,,
345,र्जोलि कम्पोनर्जसि,Roller Composition,Roller Composition र्जोलि कम्पोनर्जसि,उच्च मध्यम जोखिम,4.5,,,,,,,,,,,,,,,,,,,,,,,,
346,नलि िार्रेट,Lead Nitrate,Lead Nitrate नलि िार्रेट,उच्च मध्यम जोखिम,4.5,,,,,,,,,,,,,,,,,,,,,,,,
347,नलि पेिोअक्सार्ट,Lead Peroxide,Lead Peroxide नलि पेिोअक्सार्ट,उच्च मध्यम जोखिम,4.5,,,,,,,,,,,,,,,,,,,,,,,,
348,नलथोग्राफ प्रेस,Lithographic Presses,Lithographic Presses नलथोग्राफ प्रेस,उच्च मध्यम जोखिम,4.5,,,,,,,,,,,,,,,,,,,,,,,,
349,ल्याभेण्िि तेल,Lavender Oil,Lavender Oil ल्याभेण्िि तेल,उच्च मध्यम जोखिम,4.5,,,,,,,,,,,,,,,,,,,,,,,,
350,ल्यानमिेटेि कार्र्ज तथा कािगबोिग नमल,Laminated Paper and Cardboard Mills,Laminated Paper and Cardboard Mills ल्यानमिेटेि कार्र्ज तथा कािगबोिग नमल,उच्च मध्यम जोखिम,4.5,,,,,,,,,,,,,,,,,,,,,,,,
351,विस्पतीर्जन्य िेसा (िेयि फार्गवि सनहतको कि पनि पदाथग),Vegetable fibres of any kind including Rayon Fibre,Vegetable fibres of any kind including Rayon Fibre विस्पतीर्जन्य िेसा (िेयि फार्गवि सनहतको कि पनि पदाथग),उच्च मध्यम जोखिम,4.5,,,,,,,,,,,,,,,,,,,,,,,,
352,सिमार्का,Sunmica,Sunmica सिमार्का,उच्च मध्यम जोखिम,4.5,,,,,,,,,,,,,,,,,,,,,,,,
353,सिसफाई सम्बन्धी सामाि,Toiletry products and Sanitation Goods,Toiletry products and Sanitation Goods सिसफाई सम्बन्धी सामाि,उच्च मध्यम जोखिम,4.5,,,,,,,,,,,,,,,,,,,,,,,,
354,सल्फ्यरिक एनसि,Sulphuric Acid,Sulphuric Acid सल्फ्यरिक एनसि,उच्च मध्यम जोखिम,4.5,,,,,,,,,,,,,,,,,,,,,,,,
355,सल्लाको तेल,Pine Oil,Pine Oil सल्लाको तेल,उच्च मध्यम जोखिम,4.5,,,,,,,,,,,,,,,,,,,,,,,,
356,सावि,Soap,Soap सावि,उच्च मध्यम जोखिम,4.5,,,,,,,,,,,,,,,,,,,,,,,,
357,नसरोिेला तेल,Citronella Oil,Citronella Oil नसरोिेला तेल,उच्च मध्यम जोखिम,4.5,,,,,,,,,,,,,,,,,,,,,,,,
358,नसल्भि िार्रेट,Silver Nitrate,Silver Nitrate नसल्भि िार्रेट,उच्च मध्यम जोखिम,4.5,,,,,,,,,,,,,,,,,,,,,,,,
359,सन्तलाको तल,Orange Oil,Orange Oil सन्तलाको तल,उच्च मध्यम जोखिम,4.5,,,,,,,,,,,,,,,,,,,,,,,,
360,सती उद्योर्,Tobacco,Tobacco सती उद्योर्,उच्च मध्यम जोखिम,4.5,,,,,,,,,,,,,,,,,,,,,,,,
361,सती कलाउि तथा पिः सकाउि,Tobacco Curing / Re-drying,Tobacco Curing / Re-drying सती कलाउि तथा पिः सकाउि,उच्च मध्यम जोखिम,4.5,,,,,,,,,,,,,,,,,,,,,,,,
362,सोनियम अमाल्र्म,Sodium Amalgam,Sodium Amalgam सोनियम अमाल्र्म,उच्च मध्यम जोखिम,4.5,,,,,,,,,,,,,,,,,,,,,,,,
363,सोनियम िार्रेट,Sodium Nitrate,Sodium Nitrate सोनियम िार्रेट,उच्च मध्यम जोखिम,4.5,,,,,,,,,,,,,,,,,,,,,,,,
364,सोनियम पेिोअक्सार्ि,Sodium Peroxide,Sodium Peroxide सोनियम पेिोअक्सार्ि,उच्च मध्यम जोखिम,4.5,,,,,,,,,,,,,,,,,,,,,,,,
365,सोयानवि,Soyabean,Soyabean सोयानवि,उच्च मध्यम जोखिम,4.5,,,,,,,,,,,,,,,,,,,,,,,,
366,स्पाकगल्स,Sparkles,Sparkles स्पाकगल्स,उच्च मध्यम जोखिम,4.5,,,,,,,,,,,,,,,,,,,,,,,,
367,स्प्रस उि टाि,Spruce Wood Tar,Spruce Wood Tar स्प्रस उि टाि,उच्च मध्यम जोखिम,4.5,,,,,,,,,,,,,,,,,,,,,,,,
368,हार्ड्रोक्लोरिक एनसि,Hydrochloric Acid,Hydrochloric Acid हार्ड्रोक्लोरिक एनसि,उच्च मध्यम जोखिम,4.5,,,,,,,,,,,,,,,,,,,,,,,,
369,३२º भन्दा कम तापक्रममा बल्ि िङर् तथा प्रज्वलिशील वेस (बन्द िर्िीएको तथा खल्ला बाहक),Paints with inflammable base having Flash point below 320º C (Closed Cup test) other than in sealed tins or drums,Paints with inflammable base having Flash point below 320º C (Closed Cup test) other than in sealed tins or drums ३२º भन्दा कम तापक्रममा बल्ि िङर् तथा प्रज्वलिशील वेस (बन्द िर्िीएको तथा खल्ला बाहक),न्यि खतिार्जन्य जोखिम,5.5,,,,,,,,,,,,,,,,,,,,,,,,
370,३२º भन्दा कम तापक्रममा बल्िे वानिगस (बन्द िर्िीएको तथा खल्ला बाहेक),Varnishes having Flash point below 320º C (Closed Cup Test) other than in sealed tins or drums,Varnishes having Flash point below 320º C (Closed Cup Test) other than in sealed tins or drums ३२º भन्दा कम तापक्रममा बल्िे वानिगस (बन्द िर्िीएको तथा खल्ला बाहेक),न्यि खतिार्जन्य जोखिम,5.5,,,,,,,,,,,,,,,,,,,,,,,,
371,अनक्सर्जि तथा अनक्सिार्नर्जङ एर्जन्ट,Oxygen and Oxidizing Agents,Oxygen and Oxidizing Agents अनक्सर्जि तथा अनक्सिार्नर्जङ एर्जन्ट,न्यि खतिार्जन्य जोखिम,5.5,,,,,,,,,,,,,,,,,,,,,,,,
372,अनत नवषाि बस्त,Highly Toxic Materials,Highly Toxic Materials अनत नवषाि बस्त,न्यि खतिार्जन्य जोखिम,5.5,,,,,,,,,,,,,,,,,,,,,,,,
373,अलकत्रा,Bitumin,Bitumin अलकत्रा,न्यि खतिार्जन्य जोखिम,5.5,,,,,,,,,,,,,,,,,,,,,,,,
374,अलकत्रा भएको कार्र्ज वा कपिा,Bituminized Paper and Cloth,Bituminized Paper and Cloth अलकत्रा भएको कार्र्ज वा कपिा,न्यि खतिार्जन्य जोखिम,5.5,,,,,,,,,,,,,,,,,,,,,,,,
375,आर्िि कावोनिल,Iron Carbonyl,Iron Carbonyl आर्िि कावोनिल,न्यि खतिार्जन्य जोखिम,5.5,,,,,,,,,,,,,,,,,,,,,,,,
376,औद्योनर्क ग्यास (बलट बाहक),Industrial Gas Except Bullet,Industrial Gas Except Bullet औद्योनर्क ग्यास (बलट बाहक),न्यि खतिार्जन्य जोखिम,5.5,,,,,,,,,,,,,,,,,,,,,,,,
377,कोल तथा कोर्ला प्रशोधि,Coal and Coal Processing,Coal and Coal Processing कोल तथा कोर्ला प्रशोधि,न्यि खतिार्जन्य जोखिम,5.5,,,,,,,,,,,,,,,,,,,,,,,,
378,क्याप्सल [औषधी बाहेक],Capsule[Except Medicine],Capsule[Except Medicine] क्याप्सल [औषधी बाहेक],न्यि खतिार्जन्य जोखिम,5.5,,,,,,,,,,,,,,,,,,,,,,,,
379,खेलौिा,Doll,Doll खेलौिा,न्यि खतिार्जन्य जोखिम,5.5,,,,,,,,,,,,,,,,,,,,,,,,
380,खैिी,Khaini,Khaini खैिी,न्यि खतिार्जन्य जोखिम,5.5,,,,,,,,,,,,,,,,,,,,,,,,
381,र्ज्हको थ्रसि,Wheat Threshers,Wheat Threshers र्ज्हको थ्रसि,न्यि खतिार्जन्य जोखिम,5.5,,,,,,,,,,,,,,,,,,,,,,,,
382,र्ज्टखा,Gutkha,Gutkha र्ज्टखा,न्यि खतिार्जन्य जोखिम,5.5,,,,,,,,,,,,,,,,,,,,,,,,
383,नग्रर्ज, मोनबल तथा लनिकन्टस, मोनबल तथा लनिकन्टस नग्रर्ज,Grease, Mobile and Lubricants,न्यि खतिार्जन्य जोखिम,5.5,,,,,,,,,,,,,,,,,,,,,,
384,घम्ती िाटक टोली तथा घम्ती चनलनचत्र भवि,Touring Drama Troupes and Touring Cinema Theatres,Touring Drama Troupes and Touring Cinema Theatres घम्ती िाटक टोली तथा घम्ती चनलनचत्र भवि,न्यि खतिार्जन्य जोखिम,5.5,,,,,,,,,,,,,,,,,,,,,,,,
385,चलनचत्र नखच्िे, सम्पादि र्िे, सम्पादि र्िे चलनचत्र नखच्िे, प्रयोर्शाला, ध्विी सम्पादि तथा नफल्म प्रोसेस र्िे ठाँउ,Cinematography Film Editing, Laboratory and Sound Recording Rooms where Film Processing is carried out,न्यि खतिार्जन्य जोखिम,5.5,,,,,,,,,,,,,,,,,,,,
386,चलनचत्र नफल्म उत्पादि स्टियो,Cinema Film Production Studios,Cinema Film Production Studios चलनचत्र नफल्म उत्पादि स्टियो,न्यि खतिार्जन्य जोखिम,5.5,,,,,,,,,,,,,,,,,,,,,,,,
387,चािकोल बल तथा चािकोल,Charcoal Ball,Charcoal Ball चािकोल बल तथा चािकोल,न्यि खतिार्जन्य जोखिम,5.5,,,,,,,,,,,,,,,,,,,,,,,,
388,झोलङर् पल,Suspension Bridge,Suspension Bridge झोलङर् पल,न्यि खतिार्जन्य जोखिम,5.5,,,,,,,,,,,,,,,,,,,,,,,,
389,टाँचा मािे, नथच्िे, नथच्िे टाँचा मािे,Stamping, Pressing,न्यि खतिार्जन्य जोखिम,5.5,,,,,,,,,,,,,,,,,,,,,,
390,टािपनलि तथा क्यािभास प्रनफङ,Tarpaulin and Canvas Proofing,Tarpaulin and Canvas Proofing टािपनलि तथा क्यािभास प्रनफङ,न्यि खतिार्जन्य जोखिम,5.5,,,,,,,,,,,,,,,,,,,,,,,,
391,नटिको छपाई,Tin Printers,Tin Printers नटिको छपाई,न्यि खतिार्जन्य जोखिम,5.5,,,,,,,,,,,,,,,,,,,,,,,,
392,टक्रा पाि वा धल्याउि प्लान्ट [अन्य],Pulverizing Plants [Others],Pulverizing Plants [Others] टक्रा पाि वा धल्याउि प्लान्ट [अन्य],न्यि खतिार्जन्य जोखिम,5.5,,,,,,,,,,,,,,,,,,,,,,,,
393,ढवािीकतागको र्ोदाम,Transporters Warehouse (Transporter’s godowns & Godowns of clearing and forwarding agents.),Transporters Warehouse (Transporter’s godowns & Godowns of clearing and forwarding agents.) ढवािीकतागको र्ोदाम,न्यि खतिार्जन्य जोखिम,5.5,,,,,,,,,,,,,,,,,,,,,,,,
394,तातो वा नचसो िोनलङ,Hotor Cold Rolling,Hotor Cold Rolling तातो वा नचसो िोनलङ,न्यि खतिार्जन्य जोखिम,5.5,,,,,,,,,,,,,,,,,,,,,,,,
395,र्जिीवलको र्जट्टा, कोयि तथा क्यािीको भण्िािण, कोयि तथा क्यािीको भण्िािण र्जिीवलको र्जट्टा,Storage of Coir Waste, Coir Fibre, Caddies,न्यि खतिार्जन्य जोखिम,5.5,,,,,,,,,,,,,,,,,,,,,
396,र्जिस,Snuff,Snuff र्जिस,न्यि खतिार्जन्य जोखिम,5.5,,,,,,,,,,,,,,,,,,,,,,,,
397,पोनलस्टि नफल्म तथा नवओनपनप,Polyester Film Manufacturing/ BOPP Film Manufacturing,Polyester Film Manufacturing/ BOPP Film Manufacturing पोनलस्टि नफल्म तथा नवओनपनप,न्यि खतिार्जन्य जोखिम,5.5,,,,,,,,,,,,,,,,,,,,,,,,
398,प्यानकङ तथा खोल,Packing and Lagging,Packing and Lagging प्यानकङ तथा खोल,न्यि खतिार्जन्य जोखिम,5.5,,,,,,,,,,,,,,,,,,,,,,,,
399,प्रज्वलिशील सल्भन्ट प्रयोर् हि ग्रिार्ट उद्योर्,Granite Factories using Inflammable Solvents,Granite Factories using Inflammable Solvents प्रज्वलिशील सल्भन्ट प्रयोर् हि ग्रिार्ट उद्योर्,न्यि खतिार्जन्य जोखिम,5.5,,,,,,,,,,,,,,,,,,,,,,,,
400,प्रदशगिी, पवग, पवग प्रदशगिी, उत्सव, मण्िप,Exhibition, Fetes, Celebration and Mandup,न्यि खतिार्जन्य जोखिम,5.5,,,,,,,,,,,,,,,,,,,
401,नप्रफ्यावका सामग्री,Prefab Goods,Prefab Goods नप्रफ्यावका सामग्री,न्यि खतिार्जन्य जोखिम,5.5,,,,,,,,,,,,,,,,,,,,,,,,
402,प्लानष्टक,Plastics,Plastics प्लानष्टक,न्यि खतिार्जन्य जोखिम,5.5,,,,,,,,,,,,,,,,,,,,,,,,
403,फार्वि उद्योर् [मािव निनमगत],Fiber Manufacturing [Man-Made],Fiber Manufacturing [Man-Made] फार्वि उद्योर् [मािव निनमगत],न्यि खतिार्जन्य जोखिम,5.5,,,,,,,,,,,,,,,,,,,,,,,,
404,फाउनन्ड्रर्ज,Foundries,Foundries फाउनन्ड्रर्ज,न्यि खतिार्जन्य जोखिम,5.5,,,,,,,,,,,,,,,,,,,,,,,,
405,नफल्टि तथा मैि कार्र्ज,Filter and Wax Paper,Filter and Wax Paper नफल्टि तथा मैि कार्र्ज,न्यि खतिार्जन्य जोखिम,5.5,,,,,,,,,,,,,,,,,,,,,,,,
406,फोम,Foam,Foam फोम,न्यि खतिार्जन्य जोखिम,5.5,,,,,,,,,,,,,,,,,,,,,,,,
407,फोम प्लानस्टक,Foam Plastics,Foam Plastics फोम प्लानस्टक,न्यि खतिार्जन्य जोखिम,5.5,,,,,,,,,,,,,,,,,,,,,,,,
408,फोम प्लानस्टक तथा कन्भनटगङ प्लान्ट,Foamed Plastics and Converting Plants,Foamed Plastics and Converting Plants फोम प्लानस्टक तथा कन्भनटगङ प्लान्ट,न्यि खतिार्जन्य जोखिम,5.5,,,,,,,,,,,,,,,,,,,,,,,,
409,फोम िवि,Foam Rubber,Foam Rubber फोम िवि,न्यि खतिार्जन्य जोखिम,5.5,,,,,,,,,,,,,,,,,,,,,,,,
410,फ्रे न्च पोनलस,French Polish,French Polish फ्रे न्च पोनलस,न्यि खतिार्जन्य जोखिम,5.5,,,,,,,,,,,,,,,,,,,,,,,,
411,बन्द िर्िीएको (खल्ला) नकिा मािे तथा सक्रमि प्रतििोधी पदाथग,Disinfectant liquids and liquid insecticides–other than in sealed tins or drums,Disinfectant liquids and liquid insecticides–other than in sealed tins or drums बन्द िर्िीएको (खल्ला) नकिा मािे तथा सक्रमि प्रतििोधी पदाथग,न्यि खतिार्जन्य जोखिम,5.5,,,,,,,,,,,,,,,,,,,,,,,,
412,बिाई िर्िको फ्यानिक,Non-woven Fabric Manufacturing,Non-woven Fabric Manufacturing बिाई िर्िको फ्यानिक,न्यि खतिार्जन्य जोखिम,5.5,,,,,,,,,,,,,,,,,,,,,,,,
413,माल्ट निकाल्िे प्लान्ट,Malt Extraction Plants,Malt Extraction Plants माल्ट निकाल्िे प्लान्ट,न्यि खतिार्जन्य जोखिम,5.5,,,,,,,,,,,,,,,,,,,,,,,,
414,नमथार्लेटेि नस्परिट,Methylated Spirit,Methylated Spirit नमथार्लेटेि नस्परिट,न्यि खतिार्जन्य जोखिम,5.5,,,,,,,,,,,,,,,,,,,,,,,,
415,सनमल,Saw Mills,Saw Mills सनमल,न्यि खतिार्जन्य जोखिम,5.5,,,,,,,,,,,,,,,,,,,,,,,,
416,सकगस,Circus,Circus सकगस,न्यि खतिार्जन्य जोखिम,5.5,,,,,,,,,,,,,,,,,,,,,,,,
417,सवािी साधिको उत्पादि,Automobile Production,Automobile Production सवािी साधिको उत्पादि,न्यि खतिार्जन्य जोखिम,5.5,,,,,,,,,,,,,,,,,,,,,,,,
418,साङनर्नतक समािोह, साँस्कनतक कायक्रम, साँस्कनतक कायक्रम साङनर्नतक समािोह,Music Concert and Cultural Program,न्यि खतिार्जन्य जोखिम,5.5,,,,,,,,,,,,,,,,,,,,,,,
419,सावगर्जनिक कायगक्रम,Public Program,Public Program सावगर्जनिक कायगक्रम,न्यि खतिार्जन्य जोखिम,5.5,,,,,,,,,,,,,,,,,,,,,,,,
420,नसट मेटल फ्यानिकेटसग,Sheet Metal Fabricators,Sheet Metal Fabricators नसट मेटल फ्यानिकेटसग,न्यि खतिार्जन्य जोखिम,5.5,,,,,,,,,,,,,,,,,,,,,,,,
421,स्टनन्सल पपि तथा िनप्लकनटङ,Duplicating/stencil Paper,Duplicating/stencil Paper स्टनन्सल पपि तथा िनप्लकनटङ,न्यि खतिार्जन्य जोखिम,5.5,,,,,,,,,,,,,,,,,,,,,,,,
422,स्रक्चिल नस्टल फ्यानिकेटसग,Structural Steel Fabricators,Structural Steel Fabricators स्रक्चिल नस्टल फ्यानिकेटसग,न्यि खतिार्जन्य जोखिम,5.5,,,,,,,,,,,,,,,,,,,,,,,,
423,स्प्रे पेनन्टङ तथा पाउिि कोनटङ,Spray Painting and Powder Coating,Spray Painting and Powder Coating स्प्रे पेनन्टङ तथा पाउिि कोनटङ,न्यि खतिार्जन्य जोखिम,5.5,,,,,,,,,,,,,,,,,,,,,,,,
424,हार्गड्रोक्लोरिक एनसि,Hydrochloric Acid,Hydrochloric Acid हार्गड्रोक्लोरिक एनसि,न्यि खतिार्जन्य जोखिम,5.5,,,,,,,,,,,,,,,,,,,,,,,,
425,32ºC वा 32ºC देनख 65ºC सम्मको तापक्रममा बल्िे प्रज्वलिशील पदाथग,Flammable liquids having flash points between 32ºC to 65ºC.,Flammable liquids having flash points between 32ºC to 65ºC. 32ºC वा 32ºC देनख 65ºC सम्मको तापक्रममा बल्िे प्रज्वलिशील पदाथग,मध्यम खतिार्जन्य जोखिम,7.5,,,,,,,,,,,,,,,,,,,,,,,,
426,अनक्सर्जि सनहतको अनक्सिार्नर्जङ एर्जेन्ट,Oxidizing Agents and Oxygen,Oxidizing Agents and Oxygen अनक्सर्जि सनहतको अनक्सिार्नर्जङ एर्जेन्ट,मध्यम खतिार्जन्य जोखिम,7.5,,,,,,,,,,,,,,,,,,,,,,,,
427,आिनिएक्स [रिमोट निटोिेटेि एक्स्प्लोनसभ],RDX [Remote Detonated Explosive],RDX [Remote Detonated Explosive] आिनिएक्स [रिमोट निटोिेटेि एक्स्प्लोनसभ],मध्यम खतिार्जन्य जोखिम,7.5,,,,,,,,,,,,,,,,,,,,,,,,
428,र्ज्थि,Ether,Ether र्ज्थि,मध्यम खतिार्जन्य जोखिम,7.5,,,,,,,,,,,,,,,,,,,,,,,,
429,र्ज्थार्नलि िार्रेट,Ethylene Nitrate,Ethylene Nitrate र्ज्थार्नलि िार्रेट,मध्यम खतिार्जन्य जोखिम,7.5,,,,,,,,,,,,,,,,,,,,,,,,
430,र्ज्न्स्टयािण्ट र्नग्िसि किग,Instant Ignition Chord,Instant Ignition Chord र्ज्न्स्टयािण्ट र्नग्िसि किग,मध्यम खतिार्जन्य जोखिम,7.5,,,,,,,,,,,,,,,,,,,,,,,,
431,एमोनियम क्लोिेट,Ammonium Chlorate,Ammonium Chlorate एमोनियम क्लोिेट,मध्यम खतिार्जन्य जोखिम,7.5,,,,,,,,,,,,,,,,,,,,,,,,
432,एमोनियम िार्रेट,Ammonium Nitrate,Ammonium Nitrate एमोनियम िार्रेट,मध्यम खतिार्जन्य जोखिम,7.5,,,,,,,,,,,,,,,,,,,,,,,,
433,एमोनियम िार्रेट एक्स्प्लोनसभ,Ammonium Nitrate Explosive,Ammonium Nitrate Explosive एमोनियम िार्रेट एक्स्प्लोनसभ,मध्यम खतिार्जन्य जोखिम,7.5,,,,,,,,,,,,,,,,,,,,,,,,
434,एमोनियम पिक्लोिेट,Ammonium Perchlorate,Ammonium Perchlorate एमोनियम पिक्लोिेट,मध्यम खतिार्जन्य जोखिम,7.5,,,,,,,,,,,,,,,,,,,,,,,,
435,एलमनियम तथा म्याग्िेनसयम पाउिि प्लान्ट,Aluminum/ Magnesium Powder Plants,Aluminum/ Magnesium Powder Plants एलमनियम तथा म्याग्िेनसयम पाउिि प्लान्ट,मध्यम खतिार्जन्य जोखिम,7.5,,,,,,,,,,,,,,,,,,,,,,,,
436,औद्योनर्क सल्भेन्ट,Industrial Solvent,Industrial Solvent औद्योनर्क सल्भेन्ट,मध्यम खतिार्जन्य जोखिम,7.5,,,,,,,,,,,,,,,,,,,,,,,,
437,किा अनक्सिार्नर्जङ एर्जन्टस,Strong Oxidizing Agents,Strong Oxidizing Agents किा अनक्सिार्नर्जङ एर्जन्टस,मध्यम खतिार्जन्य जोखिम,7.5,,,,,,,,,,,,,,,,,,,,,,,,
438,कपि कावागर्ि,Copper Carbide,Copper Carbide कपि कावागर्ि,मध्यम खतिार्जन्य जोखिम,7.5,,,,,,,,,,,,,,,,,,,,,,,,
439,कपि,Camphor,Camphor कपि,मध्यम खतिार्जन्य जोखिम,7.5,,,,,,,,,,,,,,,,,,,,,,,,
440,कनतम िशम तथा फार्वि,Rayon Fiberor Fiber,Rayon Fiberor Fiber कनतम िशम तथा फार्वि,मध्यम खतिार्जन्य जोखिम,7.5,,,,,,,,,,,,,,,,,,,,,,,,
441,क्यानल्सयम क्लोिार्ि,Calcium Chloride,Calcium Chloride क्यानल्सयम क्लोिार्ि,मध्यम खतिार्जन्य जोखिम,7.5,,,,,,,,,,,,,,,,,,,,,,,,
442,क्यानल्सयम िार्रेट एक्स्प्लोनसभ,Calcium Nitrate Explosive,Calcium Nitrate Explosive क्यानल्सयम िार्रेट एक्स्प्लोनसभ,मध्यम खतिार्जन्य जोखिम,7.5,,,,,,,,,,,,,,,,,,,,,,,,
443,क्लोिेट एक्स्पोनसभ,Chlorate Explosive,Chlorate Explosive क्लोिेट एक्स्पोनसभ,मध्यम खतिार्जन्य जोखिम,7.5,,,,,,,,,,,,,,,,,,,,,,,,
444,खतिापणग सामािको फोहोि,Waste of Hazardous Materials,Waste of Hazardous Materials खतिापणग सामािको फोहोि,मध्यम खतिार्जन्य जोखिम,7.5,,,,,,,,,,,,,,,,,,,,,,,,
445,खािीको लागि आवश्यक नवस्फोटक,Mining Charges,Mining Charges खािीको लागि आवश्यक नवस्फोटक,मध्यम खतिार्जन्य जोखिम,7.5,,,,,,,,,,,,,,,,,,,,,,,,
446,र्जि कटि,Gun Cotton,Gun Cotton र्जि कटि,मध्यम खतिार्जन्य जोखिम,7.5,,,,,,,,,,,,,,,,,,,,,,,,
447,र्जि कटि सोलसि,Gun Cotton Solution,Gun Cotton Solution र्जि कटि सोलसि,मध्यम खतिार्जन्य जोखिम,7.5,,,,,,,,,,,,,,,,,,,,,,,,
448,र्जि पाउिि,Gun Powder,Gun Powder र्जि पाउिि,मध्यम खतिार्जन्य जोखिम,7.5,,,,,,,,,,,,,,,,,,,,,,,,
449,ग्यालनटिार्ज्ि निरोसललोर्ज पाउिि,Gelatinezed Nitrocellulose Powder,Gelatinezed Nitrocellulose Powder ग्यालनटिार्ज्ि निरोसललोर्ज पाउिि,मध्यम खतिार्जन्य जोखिम,7.5,,,,,,,,,,,,,,,,,,,,,,,,
450,नग्लनसरिि िार्रेट,Glycerin Nitrate,Glycerin Nitrate नग्लनसरिि िार्रेट,मध्यम खतिार्जन्य जोखिम,7.5,,,,,,,,,,,,,,,,,,,,,,,,
451,नर्जङक पार्क्रट,ZincPicrate,ZincPicrate नर्जङक पार्क्रट,मध्यम खतिार्जन्य जोखिम,7.5,,,,,,,,,,,,,,,,,,,,,,,,
452,नर्जङक फस्फार्ि,Zinc Phosphide,Zinc Phosphide नर्जङक फस्फार्ि,मध्यम खतिार्जन्य जोखिम,7.5,,,,,,,,,,,,,,,,,,,,,,,,
453,नर्जकोनियम हार्ड्रार्ि,Zirconium Hydride,Zirconium Hydride नर्जकोनियम हार्ड्रार्ि,मध्यम खतिार्जन्य जोखिम,7.5,,,,,,,,,,,,,,,,,,,,,,,,
454,नटटानियम हार्ड्रार्ि,Titanium Hydride,Titanium Hydride नटटानियम हार्ड्रार्ि,मध्यम खतिार्जन्य जोखिम,7.5,,,,,,,,,,,,,,,,,,,,,,,,
455,टीएिटी,TNT,TNT टीएिटी,मध्यम खतिार्जन्य जोखिम,7.5,,,,,,,,,,,,,,,,,,,,,,,,
456,टेरािार्रोिार्नलि,Tetranitroniline,Tetranitroniline टेरािार्रोिार्नलि,मध्यम खतिार्जन्य जोखिम,7.5,,,,,,,,,,,,,,,,,,,,,,,,
457,टेरािार्रोिाप्थानलि,Tetranitronaphthalene,Tetranitronaphthalene टेरािार्रोिाप्थानलि,मध्यम खतिार्जन्य जोखिम,7.5,,,,,,,,,,,,,,,,,,,,,,,,
458,टेरािार्रोिाप्थानलि,Tetranitronapthalene,Tetranitronapthalene टेरािार्रोिाप्थानलि,मध्यम खतिार्जन्य जोखिम,7.5,,,,,,,,,,,,,,,,,,,,,,,,
459,टेरािार्रोनफिोल,Tetranitrophenol,Tetranitrophenol टेरािार्रोनफिोल,मध्यम खतिार्जन्य जोखिम,7.5,,,,,,,,,,,,,,,,,,,,,,,,
460,टेरािार्रोवेन्र्जेि,Tetranitrobenzene,Tetranitrobenzene टेरािार्रोवेन्र्जेि,मध्यम खतिार्जन्य जोखिम,7.5,,,,,,,,,,,,,,,,,,,,,,,,
461,रार्िार्रोनग्लनसरिि,Trinitroglycerin,Trinitroglycerin रार्िार्रोनग्लनसरिि,मध्यम खतिार्जन्य जोखिम,7.5,,,,,,,,,,,,,,,,,,,,,,,,
462,रार्िार्रोटलि,Trinitotulene,Trinitotulene रार्िार्रोटलि,मध्यम खतिार्जन्य जोखिम,7.5,,,,,,,,,,,,,,,,,,,,,,,,
463,रार्िार्रोनफिोल,Trinitrophenol,Trinitrophenol रार्िार्रोनफिोल,मध्यम खतिार्जन्य जोखिम,7.5,,,,,,,,,,,,,,,,,,,,,,,,
464,रार्िार्रोफेिोलनमथार्लार्िार्रामार्ि,Trinitrophenolmethylinitramine,Trinitrophenolmethylinitramine रार्िार्रोफेिोलनमथार्लार्िार्रामार्ि,मध्यम खतिार्जन्य जोखिम,7.5,,,,,,,,,,,,,,,,,,,,,,,,
465,रार्िार्रोसललोर्ज,Trinitrocellulose,Trinitrocellulose रार्िार्रोसललोर्ज,मध्यम खतिार्जन्य जोखिम,7.5,,,,,,,,,,,,,,,,,,,,,,,,
466,रार्प्रोपार्लनमनियम,Tripropyluminum,Tripropyluminum रार्प्रोपार्लनमनियम,मध्यम खतिार्जन्य जोखिम,7.5,,,,,,,,,,,,,,,,,,,,,,,,
467,र्जार्िार्रो ग्लार्कोल,Dinitro Glycol,Dinitro Glycol र्जार्िार्रो ग्लार्कोल,मध्यम खतिार्जन्य जोखिम,7.5,,,,,,,,,,,,,,,,,,,,,,,,
468,र्जार्निरो नग्लनसरिि,Dinitro Glycirne,Dinitro Glycirne र्जार्निरो नग्लनसरिि,मध्यम खतिार्जन्य जोखिम,7.5,,,,,,,,,,,,,,,,,,,,,,,,
469,र्जायिामार्ट,Dynamite,Dynamite र्जायिामार्ट,मध्यम खतिार्जन्य जोखिम,7.5,,,,,,,,,,,,,,,,,,,,,,,,
470,र्जेटोिेटि,Detonators,Detonators र्जेटोिेटि,मध्यम खतिार्जन्य जोखिम,7.5,,,,,,,,,,,,,,,,,,,,,,,,
471,तािनपि निस्टीलिी,Rosin Distilleries,Rosin Distilleries तािनपि निस्टीलिी,मध्यम खतिार्जन्य जोखिम,7.5,,,,,,,,,,,,,,,,,,,,,,,,
472,र्जार्रस [सबै प्रकािको],Nitrites of all Kinds,Nitrites of all Kinds र्जार्रस [सबै प्रकािको],मध्यम खतिार्जन्य जोखिम,7.5,,,,,,,,,,,,,,,,,,,,,,,,
473,र्जार्रेट एक्स्प्लोनसभ्स,Nitrate Explosives,Nitrate Explosives र्जार्रेट एक्स्प्लोनसभ्स,मध्यम खतिार्जन्य जोखिम,7.5,,,,,,,,,,,,,,,,,,,,,,,,
474,र्जार्रो सर्ि,NitroSugar,NitroSugar र्जार्रो सर्ि,मध्यम खतिार्जन्य जोखिम,7.5,,,,,,,,,,,,,,,,,,,,,,,,
475,र्जार्रो स्टाचग,NitroStarch,NitroStarch र्जार्रो स्टाचग,मध्यम खतिार्जन्य जोखिम,7.5,,,,,,,,,,,,,,,,,,,,,,,,
476,र्जार्रोनग्लनसरिि,Nitroglycerine,Nitroglycerine र्जार्रोनग्लनसरिि,मध्यम खतिार्जन्य जोखिम,7.5,,,,,,,,,,,,,,,,,,,,,,,,
477,र्जार्रोनग्लनसरिि पाउिि,Nitroglycirine Powder,Nitroglycirine Powder र्जार्रोनग्लनसरिि पाउिि,मध्यम खतिार्जन्य जोखिम,7.5,,,,,,,,,,,,,,,,,,,,,,,,
478,र्जार्रोर्जि क्लोिार्ि,Nitrogen Chloride,Nitrogen Chloride र्जार्रोर्जि क्लोिार्ि,मध्यम खतिार्जन्य जोखिम,7.5,,,,,,,,,,,,,,,,,,,,,,,,
479,र्जार्रोर्जि रार्क्लोिार्ि,Nitrogen Trichloride,Nitrogen Trichloride र्जार्रोर्जि रार्क्लोिार्ि,मध्यम खतिार्जन्य जोखिम,7.5,,,,,,,,,,,,,,,,,,,,,,,,
480,निरो कावोिार्रेट,Nitro Carbonitrate,Nitro Carbonitrate निरो कावोिार्रेट,मध्यम खतिार्जन्य जोखिम,7.5,,,,,,,,,,,,,,,,,,,,,,,,
481,निरो सललोर्ज वस्त,Nitro Cellulose Products,Nitro Cellulose Products निरो सललोर्ज वस्त,मध्यम खतिार्जन्य जोखिम,7.5,,,,,,,,,,,,,,,,,,,,,,,,
482,निरोर्ेलानटि िायिामार्ट,Nitrogelatine Dynamite,Nitrogelatine Dynamite निरोर्ेलानटि िायिामार्ट,मध्यम खतिार्जन्य जोखिम,7.5,,,,,,,,,,,,,,,,,,,,,,,,
483,निरोसललोर्ज,Nitrocellulose,Nitrocellulose निरोसललोर्ज,मध्यम खतिार्जन्य जोखिम,7.5,,,,,,,,,,,,,,,,,,,,,,,,
484,पिकाउि सामग्री (बन्दकमा िाख्ि),Explosive Charges,Explosive Charges पिकाउि सामग्री (बन्दकमा िाख्ि),मध्यम खतिार्जन्य जोखिम,7.5,,,,,,,,,,,,,,,,,,,,,,,,
485,पक्यनसयि क्याप्सल्स,Percussion Capsules,Percussion Capsules पक्यनसयि क्याप्सल्स,मध्यम खतिार्जन्य जोखिम,7.5,,,,,,,,,,,,,,,,,,,,,,,,
486,पक्रोमटस,Perchromates,Perchromates पक्रोमटस,मध्यम खतिार्जन्य जोखिम,7.5,,,,,,,,,,,,,,,,,,,,,,,,
487,पक्लोरिक एनसि,Perchloric Acid,Perchloric Acid पक्लोरिक एनसि,मध्यम खतिार्जन्य जोखिम,7.5,,,,,,,,,,,,,,,,,,,,,,,,
488,पक्लोिेट [सबै प्रकािको],Perchlorate of all Kind,Perchlorate of all Kind पक्लोिेट [सबै प्रकािको],मध्यम खतिार्जन्य जोखिम,7.5,,,,,,,,,,,,,,,,,,,,,,,,
489,पक्लोिेट नवस्फोटक,Perchlorate Explosives,Perchlorate Explosives पक्लोिेट नवस्फोटक,मध्यम खतिार्जन्य जोखिम,7.5,,,,,,,,,,,,,,,,,,,,,,,,
490,पािीको सम्पकगमा आँउदा प्रज्विशील ग्यास निकाल्िे पदाथग,Materials which evolves Combustible Gases in Contact of Water,Materials which evolves Combustible Gases in Contact of Water पािीको सम्पकगमा आँउदा प्रज्विशील ग्यास निकाल्िे पदाथग,मध्यम खतिार्जन्य जोखिम,7.5,,,,,,,,,,,,,,,,,,,,,,,,
491,पेरोके नमकल,Petrochemicals,Petrochemicals पेरोके नमकल,मध्यम खतिार्जन्य जोखिम,7.5,,,,,,,,,,,,,,,,,,,,,,,,
492,पोटानसयम,Potassium,Potassium पोटानसयम,मध्यम खतिार्जन्य जोखिम,7.5,,,,,,,,,,,,,,,,,,,,,,,,
493,पोटानसयम अमाल्र्म,Potassium Amalgam,Potassium Amalgam पोटानसयम अमाल्र्म,मध्यम खतिार्जन्य जोखिम,7.5,,,,,,,,,,,,,,,,,,,,,,,,
494,पोटानसयम हार्ड्रार्ि,Potassium Hydride,Potassium Hydride पोटानसयम हार्ड्रार्ि,मध्यम खतिार्जन्य जोखिम,7.5,,,,,,,,,,,,,,,,,,,,,,,,
495,प्रज्वलिशील ग्यास,Combustible Gases,Combustible Gases प्रज्वलिशील ग्यास,मध्यम खतिार्जन्य जोखिम,7.5,,,,,,,,,,,,,,,,,,,,,,,,
496,प्रज्वलिशील निनस्क्रय ग्याँस,Inert Gases- Combustible,Inert Gases- Combustible प्रज्वलिशील निनस्क्रय ग्याँस,मध्यम खतिार्जन्य जोखिम,7.5,,,,,,,,,,,,,,,,,,,,,,,,
497,प्रार्मसग [नवस्फोटक],Primers,Primers प्रार्मसग [नवस्फोटक],मध्यम खतिार्जन्य जोखिम,7.5,,,,,,,,,,,,,,,,,,,,,,,,
498,फस्फार्िस,Phosphides,Phosphides फस्फार्िस,मध्यम खतिार्जन्य जोखिम,7.5,,,,,,,,,,,,,,,,,,,,,,,,
499,फस्फार्ि,Phosphine,Phosphine फस्फार्ि,मध्यम खतिार्जन्य जोखिम,7.5,,,,,,,,,,,,,,,,,,,,,,,,
500,फस्फोिस [पहे ँलो वा सेतो],Phosphorus [Yellow or White],Phosphorus [Yellow or White] फस्फोिस [पहे ँलो वा सेतो],मध्यम खतिार्जन्य जोखिम,7.5,,,,,,,,,,,,,,,,,,,,,,,,
501,मरट्टतेल, निर्जल , निर्जल  मरट्टतेल,पेरोल,Kerosene, Diesel ,Petrol,मध्यम खतिार्जन्य जोखिम,7.5,,,,,,,,,,,,,,,,,,,,
502,मक्यरिक क्यािट,Mercuric Cyanate,Mercuric Cyanate मक्यरिक क्यािट,मध्यम खतिार्जन्य जोखिम,7.5,,,,,,,,,,,,,,,,,,,,,,,,
503,यरिया पिोअक्सार्ि,Urea Peroxide,Urea Peroxide यरिया पिोअक्सार्ि,मध्यम खतिार्जन्य जोखिम,7.5,,,,,,,,,,,,,,,,,,,,,,,,
504,लाहा,Lac or Shellac,Lac or Shellac लाहा,मध्यम खतिार्जन्य जोखिम,7.5,,,,,,,,,,,,,,,,,,,,,,,,
505,नलि रार्िार्रोिेसोनसगिेट,Lead Trinitroresorcinate,Lead Trinitroresorcinate नलि रार्िार्रोिेसोनसगिेट,मध्यम खतिार्जन्य जोखिम,7.5,,,,,,,,,,,,,,,,,,,,,,,,
506,नलनथयम एलनमनियम हार्ड्रार्ि,Lithium Aluminum Hydride,Lithium Aluminum Hydride नलनथयम एलनमनियम हार्ड्रार्ि,मध्यम खतिार्जन्य जोखिम,7.5,,,,,,,,,,,,,,,,,,,,,,,,
507,नविी,Beedi,Beedi नविी,मध्यम खतिार्जन्य जोखिम,7.5,,,,,,,,,,,,,,,,,,,,,,,,
508,सक्रमण प्रतििोनध तिल तथा तिल नकटिाशक,Disinfectant Liquids and Liquid Insecticides,Disinfectant Liquids and Liquid Insecticides सक्रमण प्रतििोनध तिल तथा तिल नकटिाशक,मध्यम खतिार्जन्य जोखिम,7.5,,,,,,,,,,,,,,,,,,,,,,,,
509,साल्टनपटि ब्लानस्टङ पाउिि,Saltpeter Blasting Powder,Saltpeter Blasting Powder साल्टनपटि ब्लानस्टङ पाउिि,मध्यम खतिार्जन्य जोखिम,7.5,,,,,,,,,,,,,,,,,,,,,,,,
510,नसल्भि एनसटार्नलि,Silver Acetylene,Silver Acetylene नसल्भि एनसटार्नलि,मध्यम खतिार्जन्य जोखिम,7.5,,,,,,,,,,,,,,,,,,,,,,,,
511,सर्ि िार्रट,Sugar Nitrate,Sugar Nitrate सर्ि िार्रट,मध्यम खतिार्जन्य जोखिम,7.5,,,,,,,,,,,,,,,,,,,,,,,,
512,सफ्टी एक्स्क्लनसभ,Safety Exclusive,Safety Exclusive सफ्टी एक्स्क्लनसभ,मध्यम खतिार्जन्य जोखिम,7.5,,,,,,,,,,,,,,,,,,,,,,,,
513,सोनियम,Sodium,Sodium सोनियम,मध्यम खतिार्जन्य जोखिम,7.5,,,,,,,,,,,,,,,,,,,,,,,,
514,सोनियम िार्िार्रो नफिोल,Sodium Dinitro Phenol,Sodium Dinitro Phenol सोनियम िार्िार्रो नफिोल,मध्यम खतिार्जन्य जोखिम,7.5,,,,,,,,,,,,,,,,,,,,,,,,
515,सोनियम हार्ड्रार्ि,Sodium Hydride,Sodium Hydride सोनियम हार्ड्रार्ि,मध्यम खतिार्जन्य जोखिम,7.5,,,,,,,,,,,,,,,,,,,,,,,,
516,सोनियम हार्पोसल्फार्ि,Sodium Hyposulphide,Sodium Hyposulphide सोनियम हार्पोसल्फार्ि,मध्यम खतिार्जन्य जोखिम,7.5,,,,,,,,,,,,,,,,,,,,,,,,
517,स्टाचग िार्रेट,Start Nitrate,Start Nitrate स्टाचग िार्रेट,मध्यम खतिार्जन्य जोखिम,7.5,,,,,,,,,,,,,,,,,,,,,,,,
518,हनतयाि तथा र्ोनलर्ठ्ठा,Arms and Ammunitions,Arms and Ammunitions हनतयाि तथा र्ोनलर्ठ्ठा,मध्यम खतिार्जन्य जोखिम,7.5,,,,,,,,,,,,,,,,,,,,,,,,
519,हार्ड्रार्िस,Hydrides,Hydrides हार्ड्रार्िस,मध्यम खतिार्जन्य जोखिम,7.5,,,,,,,,,,,,,,,,,,,,,,,,
520,हार्ड्रोर्जि क्यािार्ि,Hydrogen Cyanide,Hydrogen Cyanide हार्ड्रोर्जि क्यािार्ि,मध्यम खतिार्जन्य जोखिम,7.5,,,,,,,,,,,,,,,,,,,,,,,,
521,हार्ड्रोर्जि पेिोअक्सार्ि,Hydrogen Peroxide,Hydrogen Peroxide हार्ड्रोर्जि पेिोअक्सार्ि,मध्यम खतिार्जन्य जोखिम,7.5,,,,,,,,,,,,,,,,,,,,,,,,
522,हार्ड्रोर्जि सल्फार्ि,Hydrogen Sulphide,Hydrogen Sulphide हार्ड्रोर्जि सल्फार्ि,मध्यम खतिार्जन्य जोखिम,7.5,,,,,,,,,,,,,,,,,,,,,,,,
523,हार्ड्रोनलथ,Hydrolith,Hydrolith हार्ड्रोनलथ,मध्यम खतिार्जन्य जोखिम,7.5,,,,,,,,,,,,,,,,,,,,,,,,
524,पार्िोटेनक्िक पदाथग,Pyrotechnic materials,Pyrotechnic materials पार्िोटेनक्िक पदाथग,उच्च खतिार्जन्य जोखिम,9,,,,,,,,,,,,,,,,,,,,,,,,
525,आफैं बल्िे पदाथग,Materials which are self ignitable,Materials which are self ignitable आफैं बल्िे पदाथग,उच्च खतिार्जन्य जोखिम,9,,,,,,,,,,,,,,,,,,,,,,,,
526,उच्च ज्वलिशील औद्योनर्क ग्यास,High Flamable Industrial Gas,High Flamable Industrial Gas उच्च ज्वलिशील औद्योनर्क ग्यास,उच्च खतिार्जन्य जोखिम,9,,,,,,,,,,,,,,,,,,,,,,,,
527,कटि नर्जि तथा प्रेस हाउस,Cotton Gin and Press Houses,Cotton Gin and Press Houses कटि नर्जि तथा प्रेस हाउस,उच्च खतिार्जन्य जोखिम,9,,,,,,,,,,,,,,,,,,,,,,,,
528,"प्लार्उि,  काठलाई िाम्रो पािे तथा ल्यानमिेट र्िे",Plywood / Wood Veneering Factories/ Laminating,"Plywood / Wood Veneering Factories/ Laminating प्लार्उि,  काठलाई िाम्रो पािे तथा ल्यानमिेट र्िे",उच्च खतिार्जन्य जोखिम,9,,,,,,,,,,,,,,,,,,,,,,,,
529,"भईचम्पा,  पटका तथा आनतसबार्जी",Crackers and Fire Works,"Crackers and Fire Works भईचम्पा,  पटका तथा आनतसबार्जी",उच्च खतिार्जन्य जोखिम,9,,,,,,,,,,,,,,,,,,,,,,,,
530,मानथ उल्लनखत बाहकका स्वर्जलि हि प्रज्वलिशील पदाथ,Self-Ignitable or Spontaneous Combustible Materials other than abvoe Listed,Self-Ignitable or Spontaneous Combustible Materials other than abvoe Listed मानथ उल्लनखत बाहकका स्वर्जलि हि प्रज्वलिशील पदाथ,उच्च खतिार्जन्य जोखिम,9,,,,,,,,,,,,,,,,,,,,,,,,
531,यिनियम तथा यिनियम र्जस्त पदाथ,Uranium and similar products,Uranium and similar products यिनियम तथा यिनियम र्जस्त पदाथ,उच्च खतिार्जन्य जोखिम,9,,,,,,,,,,,,,,,,,,,,,,,,
532,नवद्यत उत्पादि कन्ि (आणनवक भरट्ट बाट नवद्यत उत्पादि र्ि के न्ि),electricity PowerHouse - Aotmic Power Plant only,electricity PowerHouse - Aotmic Power Plant only नवद्यत उत्पादि कन्ि (आणनवक भरट्ट बाट नवद्यत उत्पादि र्ि के न्ि),उच्च खतिार्जन्य जोखिम,9,,,,,,,,,,,,,,,,,,,,,,,,
533,नवस्फोटक तथा नवस्फोटक पदाथग,Explosives of any Kind and Blasting Materials,Explosives of any Kind and Blasting Materials नवस्फोटक तथा नवस्फोटक पदाथग,उच्च खतिार्जन्य जोखिम,9,,,,,,,,,,,,,,,,,,,,,,,,
534,नवस्फोटक पदाथग बिाउिे िसायि,Pyrotechnic Chemical,Pyrotechnic Chemical नवस्फोटक पदाथग बिाउिे िसायि,उच्च खतिार्जन्य जोखिम,9,,,,,,,,,,,,,,,,,,,,,,,,
535,सलाई,Matches,Matches सलाई,उच्च खतिार्जन्य जोखिम,9,,,,,,,,,,,,,,,,,,,,,,,,
536,सशि अनक्सिार्नर्जङ एर्जन्ट,Strong Oxidising Agents,Strong Oxidising Agents सशि अनक्सिार्नर्जङ एर्जन्ट,उच्च खतिार्जन्य जोखिम,9,,,,,,,,,,,,,,,,,,,,,,,,
537,सललोर्ि,Celluloid,Celluloid सललोर्ि,उच्च खतिार्जन्य जोखिम,9,,,,,,,,,,,,,,,,,,,,,,,,
538,सेललोर्ि नफल्म,Celluloid Film,Celluloid Film सेललोर्ि नफल्म,उच्च खतिार्जन्य जोखिम,9,,,,,,,,,,,,,,,,,,,,,,,,
539,सललोर्ि सामाि,Celluloid Goods,Celluloid Goods सललोर्ि सामाि,उच्च खतिार्जन्य जोखिम,9,,,,,,,,,,,,,,,,,,,,,,,,
